     1                                  ;	8088 NASCOM BASIC
     2                                  ;		Converted source code from 8080/Z80 to 8086
     3                                  ;	Assembler: Macro Assembler 1.42
     4                                  ;
     5                                  ;
     6                                  ;	SBCV20 NASCOM BASIC
     7                                  ;	Assembler: asm86.com/asm86.cmd
     8                                  ;
     9                                  
    10                                  ;	CPU	8086
    11                                  ;	ASSUME	CS:CODE, DS:DATA, SS:DATA, ES:NOTHING
    12                                  
    13                                  cpu 8086
    14                                  bits 16
    15                                  
    16                                  ;RAM	EQU	0000h	; RAM top
    17                                  ;ROM	EQU	8000h	; Rom top
    18                                  ;SYSSTK	EQU	0500h	; Stack top
    19                                  ;EMEM	EQU	0000h	; Memory top in emulation mode
    20                                  ;EMROM	EQU	8200h	; Start address in emulation mode
    21                                  
    22                                  ;RAMTOP	EQU	0800h 	; BASIC Work space
    23                                  
    24                                  ;REGAD	EQU	00h	; 8251 data register
    25                                  ;REGAC	EQU	01h	; 8251 control register
    26                                  ;RTSHIG	EQU	17h	; RTS high
    27                                  ;RTSLOW	EQU	37h	; RTS low
    28                                  ;
    29                                  BUFSIZ	EQU	128		; Buffer size(2^n, max128)
    30                                  FULSIZ	EQU	BUFSIZ*14/16	; Buffer almost full
    31                                  ;
    32                                  REGAD   equ     0xd8        ; uPD71051 data
    33                                  REGAC   equ     0xda        ; uPD71051 control
    34                                  ; データとスタックは セグメント 0x0000 に配置
    35                                  RAMTOP  equ     0x4000      ; 変数・ワークエリアの開始位置
    36                                  SYSSTK  equ     0xFFF0      ; スタックはメモリの一番上（偶数アドレス推奨）
    37                                  ;
    38                                  ;	dseg
    39                                  ;	SEGMENT	DATA
    40                                  ;	ORG	RAM
    41                                  ;
    42                                  ;	Interrupt vector
    43                                  ;DEVERR	DS	4	; Devide error
    44                                  ;BRK_FLG	DS	4	; Break flag
    45                                  ;NMIREQ	DS	4	; Non maskable interrupt
    46                                  ;BR3INS	DS	4	; BRK3 instruction
    47                                  ;BRVINS	DS	4	; BRKV instruction
    48                                  ;CHKINS	DS	4	; CHKIND instruction
    49                                  
    50                                  ;	ORG	0400h-20
    51                                  ;VGETCH	DS	4	; CALLN 251
    52                                  ;VKBHIT	DS	4	; CALLN 252
    53                                  ;VPUTCH	DS	4	; CALLN 253
    54                                  ;VBRKEM	DS	4	; BRKEM 254
    55                                  ;INTREQ	DS	4	; External interrupt
    56                                  ;
    57                                  ;	Receive buffer
    58                                  ;RECBUF	DS	BUFSIZ	; Buffer
    59                                  ;RBFRDP	DS	2	; Read address
    60                                  ;RBFWTP	DS	2	; Write address
    61                                  ;RBFCNT	DS	1	; Count of chars
    62                                  ;
    63                                  
    64                                  
    65                                  
    66                                  section .text
    67                                  org 0x0000                  ; モニターで g 8000 0000 する場合
    68                                  ;	cseg
    69                                  ;	SEGMENT	CODE
    70                                  ;	ORG	ROM
    71                                  
    72 00000000 EB20                    	jmp	start
    73                                  
    74                                  getch:
    75 00000002 E4DA                        in      al, REGAC       ;
    76 00000004 A802                        test    al, 02h         ; RxRDY ビット確認
    77 00000006 74FA                        jz      getch           ;
    78 00000008 E4D8                        in      al, REGAD       ;
    79 0000000A C3                          ret
    80                                  
    81                                  putch:
    82 0000000B 50                          push    ax              ;
    83                                  pcst1:
    84 0000000C E4DA                        in      al, REGAC       ;
    85 0000000E A801                        test    al, 01h         ; TxRDY ビット確認
    86 00000010 74FA                        jz      pcst1           ;
    87 00000012 58                          pop     ax              ;
    88 00000013 E6D8                        out     REGAD, al       ;
    89 00000015 C3                          ret
    90                                  
    91                                  puts:
    92 00000016 FC                          cld                     ;
    93                                  ptst1:
    94 00000017 AC                          lodsb                ; 【重要】NASM構文。文字列はコード領域(CS)にあるため
    95 00000018 3C00                        cmp     al, 0           ;
    96 0000001A 7405                        jz      ptext           ;
    97 0000001C E8ECFF                      call    putch           ;
    98 0000001F EBF6                        jmp     ptst1           ;
    99                                  ptext:
   100 00000021 C3                          ret
   101                                  ;;
   102                                  ;;	message
   103                                  ;ckcpu	db	13,10,'PROCESSOR: ',0
   104                                  ;nec	db	'NEC V20(uPD70108)',13,10
   105                                  ;	db	'It will soon be turned 8080 emulation mode.',13,10,0
   106                                  ;intel	db	'Intel 8088',13,10
   107                                  ;	db	'Sorry, It will soon be out of control',13,10,0
   108                                  ;natv	db	'Returned to native mode.',13,10
   109                                  ;	db	'There is no code to run, so please reset.',13,10,0
   110                                  ;
   111                                  ;	CALLN wrapping
   112                                  ;ngetch:
   113                                  ;	call	getch		; Get a char
   114                                  ;	iret
   115                                  ;nkbhit:
   116                                  ;	mov	al,[RBFCNT]	; Get count of char
   117                                  ;	iret
   118                                  ;nputch:
   119                                  ;	call	putch		; Put a char
   120                                  ;	iret
   121                                  ;
   122                                  ;	Start
   123                                  start:
   124 00000022 FA                          cli
   125                                  ; --- セグメントレジスタの統一 (RAM実行用) ---
   126 00000023 8CC8                        mov     ax, cs          ; 現在のCS（おそらく0000h）を取得
   127 00000025 8ED8                        mov     ds, ax          ; DS = CS にする（これでデータアクセスが正しくなる）
   128 00000027 8EC0                        mov     es, ax          ; ES も同じに
   129 00000029 8ED0                        mov     ss, ax          ; SS も同じに
   130 0000002B BCF0FF                      mov     sp, SYSSTK      ; スタックポインタ設定
   131                                      
   132                                      ; 出力抑制フラグ（DS:CTLOFG）を確実に 0 に叩く
   133 0000002E C6068F4000                  mov     byte [CTLOFG], 0 ;
   134 00000033 FB                          sti
   135 00000034 E9C901                      jmp     PROG_CODE        ;
   136                                  
   137                                  ;;
   138                                  ;;	Returned native mode
   139                                  ;	mov	si,offset natv	;8088 message
   140                                  ;	call	puts		;Out it
   141                                  ;	jmps	$		;Stop
   142                                  ;;
   143                                  
   144                                  
   145                                  ;       MS-BASIC START UP ROUTINE
   146                                  ;       TARGET: SBC8080
   147                                  ;       ASSEMBLER: ARCPIT XZ80.EXE
   148                                  ;
   149                                  ;	ORG	EMROM
   150                                  
   151                                  ; EMROM (0x8200) から ROM開始位置 (0x8000) を引いた「オフセット値(0x200)」を目標にします。
   152                                  ; ($ - $$) は「ファイルの先頭からの現在のバイト数」を表す純粋な数値になります。
   153                                  
   154 00000037 00<rep 1C9h>            times 0x200 - ($ - $$) db 0x00;
   155                                  
   156                                  ;       START BASIC
   157                                  PROG_CODE:
   158 00000200 EB05                    	JMP	COLD
   159                                  
   160                                  CHKCHR:
   161                                  	;MOV	AL,[RBFCNT]
   162 00000202 B000                    	MOV	AL,0
   163 00000204 3C00                    	CMP	AL,00H
   164 00000206 C3                      	RET
   165                                  
   166                                  ;
   167                                  ;==================================================================================
   168                                  ; The updates to the original BASIC within this file are copyright Grant Searle
   169                                  ;
   170                                  ; You have permission to use this for NON COMMERCIAL USE ONLY
   171                                  ; If you wish to use it elsewhere, please include an acknowledgement to myself.
   172                                  ;
   173                                  ; http://searle.hostei.com/grant/index.html
   174                                  ;
   175                                  ; eMail: home.micros01@btinternet.com
   176                                  ;
   177                                  ; If the above don't work, please perform an Internet search to see if I have
   178                                  ; updated the web page hosting service.
   179                                  ;
   180                                  ;==================================================================================
   181                                  ;
   182                                  ; NASCOM ROM BASIC Ver 4.7, (C) 1978 Microsoft
   183                                  ; Scanned from source published in 80-BUS NEWS from Vol 2, Issue 3
   184                                  ; (May-June 1983) to Vol 3, Issue 3 (May-June 1984)
   185                                  ; Adapted for the freeware Zilog Macro Assembler 2.10 to produce
   186                                  ; the original ROM code (checksum A934H). PA
   187                                  ;
   188                                  ; GENERAL EQUATES
   189                                  ;
   190                                  CTRLC		EQU	03H	; Control "C"
   191                                  CTRLG		EQU	07H	; Control "G"
   192                                  BKSP		EQU	08H	; Back space
   193                                  LF		EQU	0AH	; Line feed
   194                                  CLRSCRN		EQU	0CH	; Clear screen
   195                                  CR		EQU	0DH	; Carriage return
   196                                  CTRLO		EQU	0FH	; Control "O"
   197                                  CTRLQ		EQU	11H	; Control "Q"
   198                                  CTRLR		EQU	12H	; Control "R"
   199                                  CTRLS		EQU	13H	; Control "S"
   200                                  CTRLU		EQU	15H	; Control "U"
   201                                  ESC		EQU	1BH	; Escape
   202                                  DEL		EQU	7FH	; Delete
   203                                  ;
   204                                  ; BASIC WORK SPACE LOCATIONS
   205                                  ;
   206                                  WRKSPC		EQU	RAMTOP+45H  ; BASIC Work space
   207                                  USR		EQU	WRKSPC+3H   ; "USR (x)" jump
   208                                  OUTSUB		EQU	WRKSPC+6H   ; "OUT p,n"
   209                                  OTPORT		EQU	WRKSPC+7H   ; Port (p)
   210                                  DIVSUP		EQU	WRKSPC+9H   ; Division support routine
   211                                  DIV1		EQU	WRKSPC+0AH  ; <- Values
   212                                  ;DIV2		EQU	WRKSPC+0EH  ; <- to
   213                                  ;DIV3		EQU	WRKSPC+12H  ; <- be
   214                                  ;DIV4		EQU	WRKSPC+15H  ; <- inserted
   215                                  DIV2		EQU	WRKSPC+10H  ; <- to
   216                                  DIV3		EQU	WRKSPC+16H  ; <- be
   217                                  DIV4		EQU	WRKSPC+1AH  ; <- inserted
   218                                  SEED		EQU	WRKSPC+1CH  +5; Random number seed
   219                                  LSTRND		EQU	WRKSPC+3AH  +5; Last random number
   220                                  INPSUB		EQU	WRKSPC+3EH  +5; #INP (x)" Routine
   221                                  INPORT		EQU	WRKSPC+3FH  +5; PORT (x)
   222                                  NULLS		EQU	WRKSPC+41H  +5; Number of nulls
   223                                  LWIDTH		EQU	WRKSPC+42H  +5; Terminal width
   224                                  COMMAN		EQU	WRKSPC+43H  +5; Width for commas
   225                                  NULFLG		EQU	WRKSPC+44H  +5; Null after input byte flag
   226                                  CTLOFG		EQU	WRKSPC+45H  +5; Control "O" flag
   227                                  LINESC		EQU	WRKSPC+46H  +5; Lines counter
   228                                  LINESN		EQU	WRKSPC+48H  +5; Lines number
   229                                  CHKSUM		EQU	WRKSPC+4AH  +5; rray load/save check sum
   230                                  NMIFLG		EQU	WRKSPC+4CH  +5; Flag for NMI break routine
   231                                  BRKFLG		EQU	WRKSPC+4DH  +5; Break flag
   232                                  RINPUT		EQU	WRKSPC+4EH  +5; Input reflection
   233                                  POINT		EQU	WRKSPC+51H  +5; "POINT" reflection (unused)
   234                                  PSET		EQU	WRKSPC+54H  +5; "SET"   reflection
   235                                  RESET		EQU	WRKSPC+57H  +5; "RESET" reflection
   236                                  STRSPC		EQU	WRKSPC+5AH  +5; Bottom of string space
   237                                  LINEAT		EQU	WRKSPC+5CH  +5; Current line number
   238                                  BASTXT		EQU	WRKSPC+5EH  +5; Pointer to start of program
   239                                  BUFFER		EQU	WRKSPC+61H  +5; Input buffer
   240                                  STACK		EQU	WRKSPC+66H  +5; Initial stack
   241                                  CURPOS		EQU	WRKSPC+0ABH +5; Character position on line
   242                                  LCRFLG		EQU	WRKSPC+0ACH +5; Locate/Create flag
   243                                  TYPE		EQU	WRKSPC+0ADH +5; Data type flag
   244                                  DATFLG		EQU	WRKSPC+0AEH +5; Literal statement flag
   245                                  LSTRAM		EQU	WRKSPC+0AFH +5; Last available RAM
   246                                  TMSTPT		EQU	WRKSPC+0B1H +5; Temporary string pointer
   247                                  TMSTPL		EQU	WRKSPC+0B3H +5; Temporary string pool
   248                                  TMPSTR		EQU	WRKSPC+0BFH +5; Temporary string
   249                                  STRBOT		EQU	WRKSPC+0C3H +5; Bottom of string space
   250                                  CUROPR		EQU	WRKSPC+0C5H +5; Current operator in EVAL
   251                                  LOOPST		EQU	WRKSPC+0C7H +5; First statement of loop
   252                                  DATLIN		EQU	WRKSPC+0C9H +5; Line of current DATA item
   253                                  FORFLG		EQU	WRKSPC+0CBH +5; "FOR" loop flag
   254                                  LSTBIN		EQU	WRKSPC+0CCH +5; Last byte entered
   255                                  READFG		EQU	WRKSPC+0CDH +5; Read/Input flag
   256                                  BRKLIN		EQU	WRKSPC+0CEH +5; Line of break
   257                                  NXTOPR		EQU	WRKSPC+0D0H +5; Next operator in EVAL
   258                                  ERRLIN		EQU	WRKSPC+0D2H +5; Line of error
   259                                  CONTAD		EQU	WRKSPC+0D4H +5; Where to CONTinue
   260                                  PROGND		EQU	WRKSPC+0D6H +5; End of program
   261                                  VAREND		EQU	WRKSPC+0D8H +5; End of variables
   262                                  ARREND		EQU	WRKSPC+0DAH +5; End of arrays
   263                                  NXTDAT		EQU	WRKSPC+0DCH +5; Next data item
   264                                  FNRGNM		EQU	WRKSPC+0DEH +5; Name of FN argument
   265                                  FNARG		EQU	WRKSPC+0E0H +5; FN argument value
   266                                  FPREG		EQU	WRKSPC+0E4H +5; Floating point register
   267                                  FPEXP		EQU	FPREG+3       ; Floating point exponent
   268                                  SGNRES		EQU	WRKSPC+0E8H +5; Sign of result
   269                                  PBUFF		EQU	WRKSPC+0E9H +5; Number print buffer
   270                                  MULVAL		EQU	WRKSPC+0F6H +5; Multiplier
   271                                  PROGST		EQU	WRKSPC+0F9H +5; Start of program text area
   272                                  STLOOK		EQU	WRKSPC+15DH +5; Start of memory test
   273                                  ;
   274                                  ; BASIC ERROR CODE VALUES
   275                                  ;
   276                                  NF	EQU	00H	; NEXT without FOR
   277                                  SN	EQU	02H	; Syntax error
   278                                  RG	EQU	04H	; RETURN without GOSUB
   279                                  OD	EQU	06H	; Out of DATA
   280                                  FC	EQU	08H	; Function call error
   281                                  OV	EQU	0AH	; Overflow
   282                                  OM	EQU	0CH	; Out of memory
   283                                  UL	EQU	0EH	; Undefined line number
   284                                  BS	EQU	10H	; Bad subscript
   285                                  RD	EQU	12H	; Re-DIMensioned array
   286                                  _DZ	EQU	14H	; Division by zero (/0)
   287                                  ID	EQU	16H	; Illegal direct
   288                                  TM	EQU	18H	; Type miss-match
   289                                  OS	EQU	1AH	; Out of string space
   290                                  LS	EQU	1CH	; String too long
   291                                  ST	EQU	1EH	; String formula too complex
   292                                  CN	EQU	20H	; Can't CONTinue
   293                                  UF	EQU	22H	; UnDEFined FN function
   294                                  MO	EQU	24H	; Missing operand
   295                                  HX	EQU	26H	; HEX error
   296                                  BN	EQU	28H	; BIN error
   297                                  ;
   298                                  COLD:
   299 00000207 EB03                    	JMP	STARTB			; Jump for cold start jump
   300                                  WARM:
   301 00000209 E98B00                  	JMP	WARMST			; Jump for warm start jump
   302                                  STARTB:
   303 0000020C EB04                    	JMP	CSTART			; Jump to initialise
   304                                  ;
   305 0000020E [C50C]                  	DW	DEINT			; Get integer -32768 to 32767
   306 00000210 [1617]                  	DW	ABPASS			; Return integer in AB
   307                                  ;
   308                                  CSTART:
   309                                  	;MOV	BX,WRKSPC		; Start of workspace RAM
   310                                  	;MOV	SP,BX			; Set up a temporary stack
   311 00000212 E95725                  	JMP	INITST			; Go to initialise
   312                                  ;
   313                                  INIT:
   314 00000215 BA[1005]                	MOV	DX,INITAB		; Initialise workspace
   315 00000218 B568                    	MOV	CH,INITBE-INITAB+3	; Bytes to copy
   316 0000021A BB4540                  	MOV	BX,WRKSPC		; Into workspace RAM
   317                                  COPY:
   318 0000021D 87DA                    	XCHG	BX,DX
   319 0000021F 8A07                    	MOV	AL,[BX]			; Get source
   320 00000221 87DA                    	XCHG	BX,DX
   321 00000223 8807                    	MOV	[BX],AL			; To destination
   322                                  ;	LAHF
   323 00000225 43                      	INC	BX			; Next destination
   324                                  ;	SAHF
   325                                  ;	LAHF
   326 00000226 42                      	INC	DX			; Next source
   327                                  ;	SAHF
   328 00000227 FECD                    	DEC	CH			; Count bytes
   329 00000229 75F2                    	JNZ	COPY			; More to move
   330                                  	;MOV	SP,BX			; Temporary stack
   331 0000022B E88E05                  	CALL	CLREG			; Clear registers and stack
   332 0000022E E8250D                  	CALL	PRCRLF			; Output CRLF
   333 00000231 A2F440                  	MOV	[BUFFER+72+1],AL	; Mark end of buffe
   334 00000234 A24341                  	MOV	[PROGST],AL  		; Initialise program area
   335                                  MSIZE:
   336                                  	;MOV	BX,STLOOK		; Point to start of RAM
   337 00000237 BB0080                  	mov	bx, 0x8000
   338 0000023A EB17                    	jmp	SETTOP
   339                                  
   340                                  MLOOP:
   341 0000023C 9F                      	LAHF
   342 0000023D 43                      	INC	BX			; Next byte
   343 0000023E 9E                      	SAHF
   344 0000023F 88F8                    	MOV	AL,BH			; Above address FFFF ?
   345 00000241 08D8                    	OR	AL,BL
   346 00000243 740E                    	JZ	SETTOP			; Yes - 64K RAM
   347 00000245 8A07                    	MOV	AL,[BX]			; Get contents
   348 00000247 88C5                    	MOV	CH,AL			; Save it
   349 00000249 F6D0                    	NOT	AL			; Flip all bits
   350 0000024B 8807                    	MOV	[BX],AL			; Put it back
   351 0000024D 3A07                    	CMP	AL,[BX]			; RAM there if same
   352 0000024F 882F                    	MOV	[BX],CH			; Restore old contents
   353 00000251 74E9                    	JZ	MLOOP			; If RAM - test next byte
   354                                  ;
   355                                  SETTOP:
   356 00000253 9F                      	LAHF
   357 00000254 4B                      	DEC	BX			; Back one byte
   358 00000255 9E                      	SAHF
   359 00000256 BAA641                  	MOV	DX,STLOOK-1		; See if enough RAM
   360 00000259 E84F07                  	CALL	CPDEHL			; Compare DE with HL
   361 0000025C 7242                    	JC	NEMEM			; If not enough RAM
   362 0000025E BACEFF                  	MOV	DX,0-50			; 50 Bytes string space
   363 00000261 891EF940                	MOV	[LSTRAM],BX		; Save last available RAM
   364 00000265 01D3                    	ADD	BX,DX			; Allocate string space
   365 00000267 891EA440                	MOV	[STRSPC],BX		; Save string space
   366 0000026B E81605                  	CALL	CLRPTR			; Clear program area
   367 0000026E 8B1EA440                	MOV	BX,[STRSPC]		; Get end of memory
   368 00000272 BAEFFF                  	MOV	DX,0-17			; Offset for free bytes
   369 00000275 01D3                    	ADD	BX,DX			; Adjust HL
   370 00000277 BA4341                  	MOV	DX,PROGST		; Start of program text
   371 0000027A 88D8                    	MOV	AL,BL			; Get LSB
   372 0000027C 28D0                    	SUB	AL,DL			; Adjust it
   373 0000027E 88C3                    	MOV	BL,AL			; Re-save
   374 00000280 88F8                    	MOV	AL,BH			; Get MSB
   375 00000282 18F0                    	SBB	AL,DH			; Adjust it
   376 00000284 88C7                    	MOV	BH,AL			; Re-save
   377 00000286 53                      	PUSH	BX			; Save bytes free
   378 00000287 BB[B702]                	MOV	BX,SIGNON		; Sign-on message
   379 0000028A E80E16                  	CALL	PRS			; Output string
   380 0000028D 5B                      	POP	BX			; Get bytes free back
   381 0000028E E8821F                  	CALL	PRNTHL			; Output amount of free memory
   382 00000291 BB[A802]                	MOV	BX,BFREE		; " Bytes free" message
   383 00000294 E80416                  	CALL	PRS			; Output string
   384                                  WARMST:
   385                                  	;MOV	SP,STACK		; Temporary stack
   386 00000297 BCF0FF                  	MOV	SP,SYSSTK		; Temporary stack
   387                                  BRKRET:
   388 0000029A E81F05                  	CALL	CLREG			; Clear registers and s
   389 0000029D E9C203                  	JMP	PRNTOK			; Go to get command lin
   390                                  ;
   391                                  NEMEM:
   392 000002A0 BB[FE02]                	MOV	BX,MEMMSG		; Memory size not enough
   393 000002A3 E8F515                  	CALL	PRS			; Print it
   394                                  XXXXX:
   395 000002A6 EBFE                    	JMP	XXXXX			; Stop
   396                                  ;
   397                                  BFREE:
   398 000002A8 204279746573206672-     	DB	" Bytes free",CR,LF,0,0
   398 000002B1 65650D0A0000       
   399                                  ;
   400                                  SIGNON:
   401 000002B7 494E54454C38303830-     	DB	"INTEL8080 Based x86 BASIC Ver 4.7b",CR,LF
   401 000002C0 204261736564207838-
   401 000002C9 362042415349432056-
   401 000002D2 657220342E37620D0A 
   402 000002DB 436F70797269676874-     	DB	"Copyright ",40,"C",41
   402 000002E4 20284329           
   403 000002E8 203139373820627920-     	DB	" 1978 by Microsoft",CR,LF,0,0
   403 000002F1 4D6963726F736F6674-
   403 000002FA 0D0A0000           
   404                                  ;
   405                                  MEMMSG:
   406 000002FE 4D656D6F7279207369-     	DB	"Memory size not enough",CR,LF
   406 00000307 7A65206E6F7420656E-
   406 00000310 6F7567680D0A       
   407 00000316 546865207379737465-     	DB	"The system is stopped.",CR,LF,0,0
   407 0000031F 6D2069732073746F70-
   407 00000328 7065642E0D0A0000   
   408                                  ;
   409                                  ; FUNCTION ADDRESS TABLE
   410                                  ;
   411                                  FNCTAB:
   412 00000330 [C91F]                  	DW	SGN
   413 00000332 [FF20]                  	DW	_INT
   414 00000334 [E31F]                  	DW	_ABS
   415 00000336 4840                    	DW	USR
   416 00000338 [E816]                  	DW	FRE
   417 0000033A [DD1B]                  	DW	INP
   418 0000033C [2417]                  	DW	POS
   419 0000033E [7A23]                  	DW	SQR
   420 00000340 [8924]                  	DW	RND
   421 00000342 [F11D]                  	DW	LOG
   422 00000344 [DA23]                  	DW	EXP
   423 00000346 [1825]                  	DW	COS
   424 00000348 [1E25]                  	DW	SIN
   425 0000034A [8B25]                  	DW	TAN
   426 0000034C [A125]                  	DW	ATN
   427 0000034E [3A1C]                  	DW	PEEK
   428 00000350 [1026]                  	DW	DEEK
   429 00000352 9B40                    	DW	POINT
   430 00000354 [C21A]                  	DW	LEN
   431 00000356 [F917]                  	DW	STR
   432 00000358 [951B]                  	DW	VAL
   433 0000035A [D51A]                  	DW	ASC
   434 0000035C [EF1A]                  	DW	CHR
   435 0000035E [3A26]                  	DW	HEX
   436 00000360 [F426]                  	DW	BIN
   437 00000362 [011B]                  	DW	LEFT
   438 00000364 [3F1B]                  	DW	RIGHT
   439 00000366 [4E1B]                  	DW	MID
   440                                  ;
   441                                  ; RESERVED WORD LIST
   442                                  ;
   443                                  WORDS:
   444 00000368 C54E44                  	DB	0C5H,"ND"
   445 0000036B C64F52                  	DB	0C6H,"OR"
   446 0000036E CE455854                	DB	0CEH,"EXT"
   447 00000372 C4415441                	DB	0C4H,"ATA"
   448 00000376 C94E505554              	DB	0C9H,"NPUT"
   449 0000037B C4494D                  	DB	0C4H,"IM"
   450 0000037E D2454144                	DB	0D2H,"EAD"
   451 00000382 CC4554                  	DB	0CCH,"ET"
   452 00000385 C74F544F                	DB	0C7H,"OTO"
   453 00000389 D2554E                  	DB	0D2H,"UN"
   454 0000038C C946                    	DB	0C9H,"F"
   455 0000038E D24553544F5245          	DB	0D2H,"ESTORE"
   456                                  
   457 00000395 C74F535542              	DB	0C7H,"OSUB"
   458 0000039A D2455455524E            	DB	0D2H,"ETURN"
   459 000003A0 D2454D                  	DB	0D2H,"EM"
   460 000003A3 D3544F50                	DB	0D3H,"TOP"
   461 000003A7 CF5554                  	DB	0CFH,"UT"
   462 000003AA CF4E                    	DB	0CFH,"N"
   463 000003AC CE554C4C                	DB	0CEH,"ULL"
   464 000003B0 D7414954                	DB	0D7H,"AIT"
   465 000003B4 C44546                  	DB	0C4H,"EF"
   466 000003B7 D04F4B45                	DB	0D0H,"OKE"
   467 000003BB C44F4B45                	DB	0C4H,"OKE"
   468 000003BF D3435245454E            	DB	0D3H,"CREEN"
   469 000003C5 CC494E4553              	DB	0CCH,"INES"
   470 000003CA C34C53                  	DB	0C3H,"LS"
   471 000003CD D749445448              	DB	0D7H,"IDTH"
   472 000003D2 CD4F4E49544F52          	DB	0CDH,"ONITOR"
   473                                  
   474 000003D9 D34554                  	DB	0D3H,"ET"
   475 000003DC D245534554              	DB	0D2H,"ESET"
   476 000003E1 D052494E54              	DB	0D0H,"RINT"
   477 000003E6 C34F4E54                	DB	0C3H,"ONT"
   478 000003EA CC495354                	DB	0CCH,"IST"
   479 000003EE C34C454152              	DB	0C3H,"LEAR"
   480 000003F3 C34C4F4144              	DB	0C3H,"LOAD"
   481 000003F8 C353415645              	DB	0C3H,"SAVE"
   482 000003FD CE4557                  	DB	0CEH,"EW"
   483                                  ;
   484 00000400 D4414228                	DB	0D4H,"AB("
   485 00000404 D44F                    	DB	0D4H,"O"
   486 00000406 C64E                    	DB	0C6H,"N"
   487 00000408 D3504328                	DB	0D3H,"PC("
   488 0000040C D448454E                	DB	0D4H,"HEN"
   489 00000410 CE4F54                  	DB	0CEH,"OT"
   490 00000413 D3544550                	DB	0D3H,"TEP"
   491                                  ;
   492 00000417 AB                      	DB	0ABH
   493 00000418 AD                      	DB	0ADH
   494 00000419 AA                      	DB	0AAH
   495 0000041A AF                      	DB	0AFH
   496 0000041B DE                      	DB	0DEH
   497 0000041C C14E44                  	DB	0C1H,"ND"
   498 0000041F CF52                    	DB	0CFH,"R"
   499 00000421 BE                      	DB	0BEH
   500 00000422 BD                      	DB	0BDH
   501 00000423 BC                      	DB	0BCH
   502                                  ;
   503 00000424 D3474E                  	DB	0D3H,"GN"
   504 00000427 C94E54                  	DB	0C9H,"NT"
   505 0000042A C14253                  	DB	0C1H,"BS"
   506 0000042D D55352                  	DB	0D5H,"SR"
   507 00000430 C65245                  	DB	0C6H,"RE"
   508 00000433 C94E50                  	DB	0C9H,"NP"
   509 00000436 D04F53                  	DB	0D0H,"OS"
   510 00000439 D35152                  	DB	0D3H,"QR"
   511 0000043C D24E44                  	DB	0D2H,"ND"
   512 0000043F CC4F47                  	DB	0CCH,"OG"
   513 00000442 C55850                  	DB	0C5H,"XP"
   514 00000445 C34F53                  	DB	0C3H,"OS"
   515 00000448 D3494E                  	DB	0D3H,"IN"
   516 0000044B D4414E                  	DB	0D4H,"AN"
   517 0000044E C1544E                  	DB	0C1H,"TN"
   518 00000451 D045454B                	DB	0D0H,"EEK"
   519 00000455 C445454B                	DB	0C4H,"EEK"
   520 00000459 D04F494E54              	DB	0D0H,"OINT"
   521 0000045E CC454E                  	DB	0CCH,"EN"
   522 00000461 D3545224                	DB	0D3H,"TR$"
   523 00000465 D6414C                  	DB	0D6H,"AL"
   524 00000468 C15343                  	DB	0C1H,"SC"
   525 0000046B C3485224                	DB	0C3H,"HR$"
   526 0000046F C8455824                	DB	0C8H,"EX$"
   527 00000473 C2494E24                	DB	0C2H,"IN$"
   528 00000477 CC45465424              	DB	0CCH,"EFT$"
   529 0000047C D24947485424            	DB	0D2H,"IGHT$"
   530 00000482 CD494424                	DB	0CDH,"ID$"
   531 00000486 80                      	DB	80H         ; End of list marker
   532                                  ;
   533                                  ; KEYWORD ADDRESS TABLE
   534                                  ;
   535                                  WORDTB:
   536 00000487 [370C]                  	DW	PEND
   537 00000489 [D70A]                  	DW	FOR
   538 0000048B [3C11]                  	DW	NEXT
   539 0000048D [020E]                  	DW	DATA
   540 0000048F [F40F]                  	DW	INPUT
   541 00000491 [6C14]                  	DW	DIM
   542 00000493 [2E10]                  	DW	READ
   543 00000495 [250E]                  	DW	LET
   544 00000497 [A30D]                  	DW	GOTO
   545 00000499 [7B0D]                  	DW	RUN
   546 0000049B [B70E]                  	DW	IF
   547 0000049D [E40B]                  	DW	RESTOR
   548 0000049F [880D]                  	DW	GOSUB
   549 000004A1 [CC0D]                  	DW	RETURN
   550 000004A3 [060E]                  	DW	REM
   551 000004A5 [300C]                  	DW	STOP
   552 000004A7 [E91B]                  	DW	POUT
   553 000004A9 [900E]                  	DW	ON
   554 000004AB [940C]                  	DW	NULL
   555 000004AD [EF1B]                  	DW	_WAIT
   556 000004AF [2D17]                  	DW	DEF
   557 000004B1 [461C]                  	DW	POKE
   558 000004B3 [1D26]                  	DW	DOKE
   559 000004B5 [060E]                  	DW	REM
   560 000004B7 [0126]                  	DW	LINES
   561 000004B9 [F325]                  	DW	CLS
   562 000004BB [F825]                  	DW	WIDTH
   563 000004BD [6827]                  	DW	MONITR
   564 000004BF 9E40                    	DW	PSET
   565 000004C1 A140                    	DW	RESET
   566 000004C3 [E10E]                  	DW	PRINT
   567 000004C5 [780C]                  	DW	CONT
   568 000004C7 [270A]                  	DW	LIST
   569 000004C9 [1D0D]                  	DW	CLEAR
   570 000004CB [060E]                  	DW	REM
   571 000004CD [060E]                  	DW	REM
   572 000004CF [8107]                  	DW	NEW
   573                                  ;
   574                                  ; RESERVED WORD TOKEN VALUES
   575                                  ;
   576                                  ZEND       EQU      080H        ; END
   577                                  ZFOR       EQU      081H        ; FOR
   578                                  ZDATA      EQU      083H        ; DATA
   579                                  ZGOTO      EQU      088H        ; GOTO
   580                                  ZGOSUB     EQU      08CH        ; GOSUB
   581                                  ZREM       EQU      08EH        ; REM
   582                                  ZPRINT     EQU      09EH        ; PRINT
   583                                  ZNEW       EQU      0A4H        ; NEW
   584                                  ;
   585                                  ZTAB       EQU      0A5H        ; TAB
   586                                  ZTO        EQU      0A6H        ; TO
   587                                  ZFN        EQU      0A7H        ; FN
   588                                  ZSPC       EQU      0A8H        ; SPC
   589                                  ZTHEN      EQU      0A9H        ; THEN
   590                                  ZNOT       EQU      0AAH        ; NOT
   591                                  ZSTEP      EQU      0ABH        ; STEP
   592                                  ;
   593                                  ZPLUS      EQU      0ACH        ; +
   594                                  ZMINUS     EQU      0ADH        ; -
   595                                  ZTIMES     EQU      0AEH        ; *
   596                                  ZDIV       EQU      0AFH        ; /
   597                                  ZOR        EQU      0B2H        ; OR
   598                                  ZGTR       EQU      0B3H        ; >
   599                                  ZEQUAL     EQU      0B4H        ; M
   600                                  ZLTH       EQU      0B5H        ; <
   601                                  ZSGN       EQU      0B6H        ; SGN
   602                                  ZPOINT     EQU      0C7H        ; POINT
   603                                  ZLEFT      EQU      0CDH +2     ; LEFT$
   604                                  ;
   605                                  ; ARITHMETIC PRECEDENCE TABLE
   606                                  ;
   607                                  PRITAB:
   608 000004D1 79                      	DB	79H         ; Precedence value
   609 000004D2 [F321]                  	DW	PADD        ; FPREG = <last> + FPREG
   610                                  ;
   611 000004D4 79                      	DB	79H         ; Precedence value
   612 000004D5 [691C]                  	DW	PSUB        ; FPREG = <last> - FPREG
   613                                  ;
   614 000004D7 7C                      	DB	7CH         ; Precedence value
   615 000004D8 [401E]                  	DW	MULT        ; PPREG = <last> * FPREG
   616                                  ;
   617 000004DA 7C                      	DB	7CH         ; Precedence value
   618 000004DB [BF1E]                  	DW	DIV         ; FPREG = <last> / FPREG
   619                                  ;
   620 000004DD 7F                      	DB	7FH         ; Precedence value
   621 000004DE [8323]                  	DW	POWER       ; FPREG = <last> ^ FPREG
   622                                  ;
   623 000004E0 50                      	DB	50H         ; Precedence value
   624 000004E1 [5D13]                  	DW	PAND        ; FPREG = <last> AND FPREG
   625                                  ;
   626 000004E3 46                      	DB	46H         ; Precedence value
   627 000004E4 [5913]                  	DW	POR         ; FPREG = <last> OR FPREG
   628                                  ;
   629                                  ; BASIC ERROR CODE LIST
   630                                  ;
   631                                  ERRORS:
   632 000004E6 4E46                    	DB	"NF"        ; NEXT without FOR
   633 000004E8 534E                    	DB	"SN"        ; Syntax error
   634 000004EA 5247                    	DB	"RG"        ; RETURN without GOSUB
   635 000004EC 4F44                    	DB	"OD"        ; Out of DATA
   636 000004EE 4643                    	DB	"FC"        ; Illegal function call
   637 000004F0 4F56                    	DB	"OV"        ; Overflow error
   638 000004F2 4F4D                    	DB	"OM"        ; Out of memory
   639 000004F4 554C                    	DB	"UL"        ; Undefined line
   640 000004F6 4253                    	DB	"BS"        ; Bad subscript
   641 000004F8 4444                    	DB	"DD"        ; Re-DIMensioned array
   642 000004FA 2F30                    	DB	"/0"        ; Division by zero
   643 000004FC 4944                    	DB	"ID"        ; Illegal direct
   644 000004FE 544D                    	DB	"TM"        ; Type mis-match
   645 00000500 4F53                    	DB	"OS"        ; Out of string space
   646 00000502 4C53                    	DB	"LS"        ; String too long
   647 00000504 5354                    	DB	"ST"        ; String formula too co
   648 00000506 434E                    	DB	"CN"        ; Can't CONTinue
   649 00000508 5546                    	DB	"UF"        ; Undefined FN function
   650 0000050A 4D4F                    	DB	"MO"        ; Missing operand
   651 0000050C 4858                    	DB	"HX"        ; HEX error
   652 0000050E 424E                    	DB	"BN"        ; BIN error
   653                                  ;
   654                                  ; INITIALISATION TABLE --------------------------------
   655                                  ;
   656                                  INITAB:
   657 00000510 E984FD                  	JMP	WARMST			; Warm start jump
   658 00000513 E9C907                  	JMP	FCERR			; "USR (X)" jump (Set to Error)
   659 00000516 E600                    	OUT	0,AL			; "OUT p,n" skeleton
   660 00000518 C3                      	RET
   661 00000519 2C00                    	SUB	AL,0			; Division support routine
   662 0000051B 88C3                    	MOV	BL,AL
   663 0000051D 88F8                    	MOV	AL,BH
   664 0000051F 1C00                    	SBB	AL,0
   665 00000521 88C7                    	MOV	BH,AL
   666 00000523 88E8                    	MOV	AL,CH
   667 00000525 1C00                    	SBB	AL,0
   668 00000527 88C5                    	MOV	CH,AL
   669 00000529 B000                    	MOV	AL,0
   670 0000052B C3                      	RET
   671 0000052C 000000                  	DB	0,0,0			; Random number seed ta
   672 0000052F 354ACA99                	DB	035H,04AH,0CAH,099H	;-2.65145E+07
   673 00000533 391C7698                	DB	039H,01CH,076H,098H	; 1.61291E+07
   674 00000537 2295B398                	DB	022H,095H,0B3H,098H	;-1.17691E+07
   675 0000053B 0ADD4798                	DB	00AH,0DDH,047H,098H	; 1.30983E+07
   676 0000053F 53D19999                	DB	053H,0D1H,099H,099H	;-2-01612E+07
   677 00000543 0A1A9F98                	DB	00AH,01AH,09FH,098H	;-1.04269E+07
   678 00000547 65BCCD98                	DB	065H,0BCH,0CDH,098H	;-1.34831E+07
   679 0000054B D6773E98                	DB	0D6H,077H,03EH,098H	; 1.24825E+07
   680 0000054F 52C74F80                	DB	052H,0C7H,04FH,080H	; Last random n
   681 00000553 E400                    	IN	AL,0			; INP (x) skeleton
   682 00000555 C3                      	RET
   683 00000556 01                      	DB	1			; POS (x) number (1)
   684 00000557 FF                      	DB	255			; Terminal width (255)
   685 00000558 1C                      	DB	28			; Width for commas (3 colums)
   686 00000559 00                      	DB	0			; No nulls after input bytes
   687 0000055A 00                      	DB	0			; Output enabled (^O off)
   688 0000055B 1400                    	DW	20			; Initial lines counter
   689 0000055D 1400                    	DW	20			; Initial lines number
   690 0000055F 0000                    	DW	0			; Array load/save check sum
   691 00000561 00                      	DB	0			; Break not by NMI
   692 00000562 00                      	DB	0			; Break flag
   693 00000563 E9BD03                  	JMP	TTYLIN			; Input reflection (set to TTY)
   694 00000566 E9(0000)                	JMP	0000H			; POINT reflection unused
   695 00000569 E9(0000)                	JMP	0000H			; SET reflection
   696 0000056C E9(0000)                	JMP	0000H			; RESET reflection
   697 0000056F A741                    	DW	STLOOK			; Temp string space
   698 00000571 FEFF                    	DW	-2			; Current line number (old)
   699 00000573 4441                    	DW	PROGST+1		; Start of program text
   700                                  INITBE:					; END OF INITIALISATION TABLE
   701                                  ;
   702                                  ; END OF INITIALISATION TABLE -------------------------
   703                                  ;
   704                                  ERRMSG:
   705 00000575 204572726F7200          	DB	" Error",0
   706                                  
   707                                  INMSG:
   708 0000057C 20696E2000              	DB	" in ",0
   709                                  ZERBYT	EQU      $-1			; A zero byte
   710                                  OKMSG:
   711 00000581 4F6B0D0A0000            	DB	"Ok",CR,LF,0,0
   712                                  BRKMSG:
   713 00000587 427265616B00            	DB	"Break",0
   714                                  ;
   715                                  BAKSTK:
   716 0000058D BB0400                  	MOV	BX,4			; Look for "FOR" block with
   717 00000590 01E3                    	ADD	BX,SP			; same index as specified
   718                                  LOKFOR:
   719 00000592 8A07                    	MOV	AL,[BX]			; Get block ID
   720                                  ;	LAHF
   721 00000594 43                      	INC	BX			; Point to index address
   722                                  ;	SAHF
   723 00000595 3C81                    	CMP	AL,ZFOR			; Is it a "FOR" token
   724 00000597 7401                    	JZ	LOKFOR1
   725 00000599 C3                      	RET				; No - exit
   726                                  LOKFOR1:
   727 0000059A 8A0F                    	MOV	CL,[BX]			; BC = Address of "FOR" index
   728                                  ;	LAHF
   729 0000059C 43                      	INC	BX
   730                                  ;	SAHF
   731 0000059D 8A2F                    	MOV	CH,[BX]
   732                                  ;	LAHF
   733 0000059F 43                      	INC	BX			; Point to sign of STEP
   734                                  ;	SAHF
   735 000005A0 53                      	PUSH	BX			; Save pointer to sign
   736 000005A1 89CB                    	MOV	BX,CX			; HL = address of "FOR" index
   737 000005A3 88F0                    	MOV	AL,DH			; See if an index was specified
   738 000005A5 08D0                    	OR	AL,DL			; DE = 0 if no index specified
   739 000005A7 87DA                    	XCHG	BX,DX			; Specified index into HL
   740 000005A9 7405                    	JZ	INDFND			; Skip if no index given
   741 000005AB 87DA                    	XCHG	BX,DX			; Index back into DE
   742 000005AD E8FB03                  	CALL	CPDEHL			; Compare index with one given
   743                                  INDFND:
   744 000005B0 B90D00                  	MOV	CX,16-3			; Offset to next block
   745 000005B3 5B                      	POP	BX			; Restore pointer to sign
   746 000005B4 7501                    	JNZ	INDFND1
   747 000005B6 C3                      	RET				; Return if block found
   748                                  INDFND1:
   749 000005B7 01CB                    	ADD	BX,CX			; Point to next block
   750 000005B9 EBD7                    	JMP	LOKFOR			; Keep on looking
   751                                  ;
   752                                  MOVUP:
   753 000005BB E82600                  	CALL	ENFMEM			; See if enough memory
   754                                  MOVSTR:
   755 000005BE 51                      	PUSH	CX			; Save end of source
   756 000005BF 89E5                    	MOV	BP,SP
   757 000005C1 875E00                  	XCHG	[BP],BX			; Swap source and dest" end
   758 000005C4 59                      	POP	CX			; Get end of destination
   759                                  MOVLP:
   760 000005C5 E8E303                  	CALL	CPDEHL			; See if list moved
   761 000005C8 8A07                    	MOV	AL,[BX]			; Get byte
   762 000005CA 87D9                    	XCHG	BX,CX
   763 000005CC 8807                    	MOV	[BX],AL			; Move it
   764 000005CE 87D9                    	XCHG	BX,CX
   765 000005D0 7501                    	JNZ	MOVLP1
   766 000005D2 C3                      	RET				; Exit if all done
   767                                  MOVLP1:
   768                                  ;	LAHF
   769 000005D3 49                      	DEC	CX			; Next byte to move to
   770                                  ;	SAHF
   771                                  ;	LAHF
   772 000005D4 4B                      	DEC	BX			; Next byte to move
   773                                  ;	SAHF
   774 000005D5 EBEE                    	JMP	MOVLP			; Loop until all bytes moved
   775                                  ;
   776                                  CHKSTK:
   777 000005D7 53                      	PUSH	BX			; Save code string address
   778 000005D8 8B1E2441                	MOV	BX,[ARREND]		; Lowest free memory
   779 000005DC B500                    	MOV	CH,0			; BC = Number of levels to test
   780 000005DE 01CB                    	ADD	BX,CX			; 2 Bytes for each level
   781 000005E0 01CB                    	ADD	BX,CX
   782 000005E2 EB01                    	JMP	ENFMEM1			; Skip "PUSH HL"
   783                                  ENFMEM:
   784 000005E4 53                      	PUSH	BX			; Save code string address
   785                                  ENFMEM1:
   786 000005E5 B0D0                    	MOV	AL,0D0H			; LOW -48; 48 Bytes minimum RAM
   787 000005E7 28D8                    	SUB	AL,BL
   788 000005E9 88C3                    	MOV	BL,AL
   789 000005EB B0FF                    	MOV	AL,0FFH			; HIGH (-48); 48 Bytes minimum RAM
   790 000005ED 18F8                    	SBB	AL,BH
   791 000005EF 7208                    	JC	OMERR			; Not enough - ?OM Erro
   792 000005F1 88C7                    	MOV	BH,AL
   793 000005F3 01E3                    	ADD	BX,SP			; Test if stack is overflowed
   794 000005F5 5B                      	POP	BX			; Restore code string address
   795 000005F6 7301                    	JNC	OMERR
   796 000005F8 C3                      	RET				; Return if enough memory
   797                                  OMERR:
   798 000005F9 B20C                    	MOV	DL,OM			; ?OM Error
   799 000005FB EB22                    	JMP	ERROR
   800                                  ;
   801                                  DATSNR:
   802 000005FD 8B1E1341                	MOV	BX,[DATLIN]		; Get line of current DATA item
   803 00000601 891EA640                	MOV	[LINEAT],BX		; Save as current line
   804                                  SNERR:
   805 00000605 B202                    	MOV	DL,SN			; ?SN Error
   806 00000607 EB16                    	JMP	ERROR
   807                                  DZERR:
   808 00000609 B214                    	MOV	DL,_DZ			; ?/0 Error
   809 0000060B EB12                    	JMP	ERROR
   810                                  NFERR:
   811 0000060D B200                    	MOV	DL,NF			; ?NF Error
   812 0000060F EB0E                    	JMP	ERROR
   813                                  DDERR:
   814 00000611 B212                    	MOV	DL,RD			; ?DD Error
   815 00000613 EB0A                    	JMP	ERROR
   816                                  UFERR:
   817 00000615 B222                    	MOV	DL,UF			; ?UF Error
   818 00000617 EB06                    	JMP	ERROR
   819                                  OVERR:
   820 00000619 B20A                    	MOV	DL,OV			; ?OV Error
   821 0000061B EB02                    	JMP	ERROR
   822                                  TMERR:
   823 0000061D B218                    	MOV	DL,TM			; ?TM Error
   824                                  ;
   825                                  ERROR:
   826 0000061F E89A01                  	CALL	CLREG			; Clear registers and stack
   827 00000622 A28F40                  	MOV	[CTLOFG],AL		; Enable output (A is 0)
   828 00000625 E82009                  	CALL	STTLIN			; Start new line
   829 00000628 BB[E604]                	MOV	BX,ERRORS		; Point to error codes
   830 0000062B 88C6                    	MOV	DH,AL			; D = 0 (A is 0)
   831 0000062D B03F                    	MOV	AL,'?'
   832 0000062F E89E03                  	CALL	OUTC			; Output '?'
   833 00000632 01D3                    	ADD	BX,DX			; Offset to correct error code
   834 00000634 8A07                    	MOV	AL,[BX]			; First character
   835 00000636 E89703                  	CALL	OUTC			; Output it
   836 00000639 E89405                  	CALL	GETCHR			; Get next character
   837 0000063C E89103                  	CALL	OUTC			; Output it
   838 0000063F BB[7505]                	MOV	BX,ERRMSG		; "Error" message
   839                                  ERRIN:
   840 00000642 E85612                  	CALL	PRS			; Output message
   841 00000645 8B1EA640                	MOV	BX,[LINEAT]		; Get line of error
   842 00000649 BAFEFF                  	MOV	DX,-2			; Cold start error if -2
   843 0000064C E85C03                  	CALL	CPDEHL			; See if cold start error
   844 0000064F 7503                    	JNZ	ERRIN1			; Cold start error - Restart
   845 00000651 E9BEFB                  	JMP	CSTART
   846                                  ERRIN1:
   847 00000654 88F8                    	MOV	AL,BH			; Was it a direct error
   848 00000656 20D8                    	AND	AL,BL			; Line = -1 if direct error
   849 00000658 FEC0                    	INC	AL
   850 0000065A 7406                    	JZ	PRNTOK
   851 0000065C E8AC1B                  	CALL	LINEIN			; No - output line of error
   852 0000065F EB01                    	JMP	PRNTOK			; Skip "POP BC"
   853                                  POPNOK:
   854 00000661 59                      	POP	CX			; Drop address in input buffer
   855                                  ;
   856                                  PRNTOK:
   857 00000662 30C0                    	XOR	AL,AL			; Output "Ok" and get command
   858 00000664 A28F40                  	MOV	[CTLOFG],AL		; Enable output
   859 00000667 E8DE08                  	CALL	STTLIN			; Start new line
   860 0000066A BB[8105]                	MOV	BX,OKMSG		; "Ok" message
   861 0000066D E82B12                  	CALL	PRS			; Output "Ok"
   862                                  GETCMD:
   863 00000670 BBFFFF                  	MOV	BX,-1			; Flag direct mode
   864 00000673 891EA640                	MOV	[LINEAT],BX		; Save as current line
   865 00000677 E8A902                  	CALL	GETLIN			; Get an input line
   866 0000067A 72F4                    	JC	GETCMD			; Get line again if break
   867 0000067C E85105                  	CALL	GETCHR			; Get first character
   868 0000067F FEC0                    	INC	AL			; Test if end of line
   869 00000681 FEC8                    	DEC	AL			; Without affecting Carry
   870 00000683 74EB                    	JZ	GETCMD			; Nothing entered - Get another
   871 00000685 9F                      	LAHF
   872 00000686 86E0                    	XCHG	AH,AL
   873 00000688 50                      	PUSH	AX			; Save Carry status
   874 00000689 86E0                    	XCHG	AH,AL
   875 0000068B E85606                  	CALL	ATOH			; Get line number into DE
   876 0000068E 52                      	PUSH	DX			; Save line number
   877 0000068F E85701                  	CALL	CRUNCH			; Tokenise rest of line
   878 00000692 88C5                    	MOV	CH,AL			; Length of tokenised line
   879 00000694 5A                      	POP	DX			; Restore line number
   880 00000695 58                      	POP	AX			; Restore Carry
   881 00000696 86E0                    	XCHG	AH,AL
   882 00000698 9E                      	SAHF
   883 00000699 7203                    	JC	GETCMD1
   884 0000069B E90305                  	JMP	EXCUTE			; No line number - Direct mode
   885                                  GETCMD1:
   886 0000069E 52                      	PUSH	DX			; Save line number
   887 0000069F 51                      	PUSH	CX			; Save length of tokenised line
   888 000006A0 30C0                    	XOR	AL,AL
   889 000006A2 A21641                  	MOV	[LSTBIN],AL		; Clear last byte input
   890 000006A5 E82805                  	CALL	GETCHR			; Get next character
   891 000006A8 08C0                    	OR	AL,AL			; Set flags
   892 000006AA 9F                      	LAHF
   893 000006AB 86E0                    	XCHG	AH,AL
   894 000006AD 50                      	PUSH	AX			; And save them
   895 000006AE 86E0                    	XCHG	AH,AL
   896 000006B0 E89C00                  	CALL	SRCHLN			; Search for line numbe
   897 000006B3 7211                    	JC	LINFND			; Jump if line found
   898 000006B5 58                      	POP	AX			; Get status
   899 000006B6 86E0                    	XCHG	AH,AL
   900 000006B8 9E                      	SAHF
   901 000006B9 9F                      	LAHF
   902 000006BA 86E0                    	XCHG	AH,AL
   903 000006BC 50                      	PUSH	AX			; And re-save
   904 000006BD 86E0                    	XCHG	AH,AL
   905 000006BF 7503                    	JNZ	GETCMD2
   906 000006C1 E90307                  	JMP	ULERR			; Nothing after number - Error
   907                                  GETCMD2:
   908 000006C4 08C0                    	OR	AL,AL			; Clear Carry
   909                                  LINFND:
   910 000006C6 51                      	PUSH	CX			; Save address of line in prog
   911 000006C7 7321                    	JNC	INEWLN			; Line not found - Inseer new
   912 000006C9 87DA                    	XCHG	BX,DX			; Next line address in DE
   913 000006CB 8B1E2041                	MOV	BX,[PROGND]		; End of program
   914                                  SFTPRG:
   915 000006CF 87DA                    	XCHG	BX,DX
   916 000006D1 8A07                    	MOV	AL,[BX]			; Shift rest of program down
   917 000006D3 87DA                    	XCHG	BX,DX
   918 000006D5 87D9                    	XCHG	BX,CX
   919 000006D7 8807                    	MOV	[BX],AL
   920 000006D9 87D9                    	XCHG	BX,CX
   921 000006DB 9F                      	LAHF
   922 000006DC 41                      	INC	CX			; Next destination
   923 000006DD 42                      	INC	DX			; Next source
   924 000006DE 9E                      	SAHF
   925 000006DF E8C902                  	CALL	CPDEHL			; All done?
   926 000006E2 75EB                    	JNZ	SFTPRG			; More to do
   927 000006E4 89CB                    	MOV	BX,CX			; HL - New end of program
   928 000006E6 891E2041                	MOV	[PROGND],BX		; Update end of program
   929                                  ;
   930                                  INEWLN:
   931 000006EA 5A                      	POP	DX			; Get address of line,
   932 000006EB 58                      	POP	AX			; Get status
   933 000006EC 86E0                    	XCHG	AH,AL
   934 000006EE 9E                      	SAHF
   935 000006EF 7435                    	JZ	SETPTR			; No text - Set up pointers
   936 000006F1 8B1E2041                	MOV	BX,[PROGND]		; Get end of program
   937 000006F5 89E5                    	MOV	BP,SP
   938 000006F7 875E00                  	XCHG	[BP],BX			; Get length of input line
   939 000006FA 59                      	POP	CX			; End of program to BC
   940 000006FB 01CB                    	ADD	BX,CX			; Find new end
   941 000006FD 53                      	PUSH	BX			; Save new end
   942 000006FE E8BAFE                  	CALL	MOVUP			; Make space for line
   943 00000701 5B                      	POP	BX			; Restore new end
   944 00000702 891E2041                	MOV	[PROGND],BX		; Update end of program pointer
   945 00000706 87DA                    	XCHG	BX,DX			; Get line to move up in HL
   946 00000708 883F                    	MOV	[BX],BH			; Save MSB
   947 0000070A 5A                      	POP	DX			; Get new line number
   948 0000070B 9F                      	LAHF
   949 0000070C 43                      	INC	BX			; Skip pointer
   950 0000070D 43                      	INC	BX
   951 0000070E 8817                    	MOV	[BX],DL			; Save LSB of line numb
   952 00000710 43                      	INC	BX
   953 00000711 8837                    	MOV	[BX],DH			; Save MSB of line numb
   954 00000713 43                      	INC	BX			; To first byte in line
   955 00000714 9E                      	SAHF
   956 00000715 BAAB40                  	MOV	DX,BUFFER		; Copy buffer to program
   957                                  MOVBUF:
   958 00000718 87DA                    	XCHG	BX,DX
   959 0000071A 8A07                    	MOV	AL,[BX]			; Get source
   960 0000071C 87DA                    	XCHG	BX,DX
   961 0000071E 8807                    	MOV	[BX],AL			; Save destinations
   962 00000720 43                      	INC	BX			; Next source
   963 00000721 42                      	INC	DX			; Next destination
   964 00000722 08C0                    	OR	AL,AL			; Done?
   965 00000724 75F2                    	JNZ	MOVBUF			; No - Repeat
   966                                  SETPTR:
   967 00000726 E86F00                  	CALL	RUNFST			; Set line pointers
   968 00000729 9F                      	LAHF
   969 0000072A 43                      	INC	BX			; To LSB of pointer
   970 0000072B 9E                      	SAHF
   971 0000072C 87DA                    	XCHG	BX,DX			; Address to DE
   972                                  PTRLP:
   973 0000072E 89D3                    	MOV	BX,DX			; Address to HL
   974 00000730 8A07                    	MOV	AL,[BX]			; Get LSB of pointer
   975 00000732 43                      	INC	BX			; To MSB of pointer
   976 00000733 0A07                    	OR	AL,[BX]			; Compare with MSB poiner
   977 00000735 7503                    	JNZ	PTRLP1
   978 00000737 E936FF                  	JMP	GETCMD			; Get command line if end
   979                                  PTRLP1:
   980 0000073A 43                      	INC	BX			; To LSB of line number
   981 0000073B 43                      	INC	BX			; Skip line number
   982 0000073C 43                      	INC	BX			; Point to first byte i
   983 0000073D 30C0                    	XOR	AL,AL			; Looking for 00 byte
   984                                  FNDEND:
   985 0000073F 3A07                    	CMP	AL,[BX]			; Found end of line?
   986 00000741 9F                      	LAHF
   987 00000742 43                      	INC	BX			; Move to next byte
   988 00000743 9E                      	SAHF
   989 00000744 75F9                    	JNZ	FNDEND			; No - Keep looking
   990 00000746 87DA                    	XCHG	BX,DX			; Next line address to HL
   991 00000748 8817                    	MOV	[BX],DL			; Save LSB of pointer
   992 0000074A 43                      	INC	BX
   993 0000074B 8837                    	MOV	[BX],DH			; Save MSB of pointer
   994 0000074D EBDF                    	JMP	PTRLP			; Do next line
   995                                  ;
   996                                  SRCHLN:
   997 0000074F 8B1EA840                	MOV	BX,[BASTXT]		; Start of program text
   998                                  SRCHLP:
   999 00000753 89D9                    	MOV	CX,BX			; BC = Address to look at
  1000 00000755 8A07                    	MOV	AL,[BX]			; Get address of next line
  1001                                  ;	LAHF
  1002 00000757 43                      	INC	BX
  1003                                  ;	SAHF
  1004 00000758 0A07                    	OR	AL,[BX]			; End of program found?
  1005 0000075A 9F                      	LAHF
  1006 0000075B 4B                      	DEC	BX
  1007 0000075C 9E                      	SAHF
  1008 0000075D 7501                    	JNZ	SRCHLP1
  1009 0000075F C3                      	RET				; Yes - Line not found
  1010                                  SRCHLP1:
  1011                                  ;	LAHF
  1012 00000760 43                      	INC	BX
  1013                                  ;	SAHF
  1014                                  ;	LAHF
  1015 00000761 43                      	INC	BX
  1016                                  ;	SAHF
  1017 00000762 8A07                    	MOV	AL,[BX]			; Get LSB of line number
  1018                                  ;	LAHF
  1019 00000764 43                      	INC	BX
  1020                                  ;	SAHF
  1021 00000765 8A3F                    	MOV	BH,[BX]			; Get MSB of line number
  1022 00000767 88C3                    	MOV	BL,AL
  1023 00000769 E83F02                  	CALL	CPDEHL			; Compare with line in DE
  1024 0000076C 89CB                    	MOV	BX,CX			; HL = Start of this line
  1025 0000076E 8A07                    	MOV	AL,[BX]			; Get LSB of next line address
  1026 00000770 9F                      	LAHF
  1027 00000771 43                      	INC	BX
  1028 00000772 9E                      	SAHF
  1029 00000773 8A3F                    	MOV	BH,[BX]			; Get MSB of next line address
  1030 00000775 88C3                    	MOV	BL,AL			; Next line to HL
  1031 00000777 F5                      	CMC
  1032 00000778 7501                    	JNZ	SRCHLP2
  1033 0000077A C3                      	RET				; Lines found - Exit
  1034                                  SRCHLP2:
  1035 0000077B F5                      	CMC
  1036 0000077C 7201                    	JC	SRCHLP3
  1037 0000077E C3                      	RET				; Line not found,at line after
  1038                                  SRCHLP3:
  1039 0000077F EBD2                    	JMP	SRCHLP			; Keep looking
  1040                                  ;
  1041                                  NEW:
  1042 00000781 7401                    	JZ	CLRPTR
  1043 00000783 C3                      	RET				; Return if any more on line
  1044                                  CLRPTR:
  1045 00000784 8B1EA840                	MOV	BX,[BASTXT]		; Point to start of program
  1046 00000788 30C0                    	XOR	AL,AL			; Set program area to empty
  1047 0000078A 8807                    	MOV	[BX],AL			; Save LSB = 00
  1048 0000078C 9F                      	LAHF
  1049 0000078D 43                      	INC	BX
  1050 0000078E 9E                      	SAHF
  1051 0000078F 8807                    	MOV	[BX],AL			; Save MSB = 00
  1052 00000791 9F                      	LAHF
  1053 00000792 43                      	INC	BX
  1054 00000793 9E                      	SAHF
  1055 00000794 891E2041                	MOV	[PROGND],BX		; Set program end
  1056                                  ;
  1057                                  RUNFST:
  1058 00000798 8B1EA840                	MOV	BX,[BASTXT]		; Clear all variables
  1059 0000079C 9F                      	LAHF
  1060 0000079D 4B                      	DEC	BX
  1061 0000079E 9E                      	SAHF
  1062                                  ;
  1063                                  INTVAR:
  1064 0000079F 891E1841                	MOV	[BRKLIN],BX		; Initialise RUN variables
  1065 000007A3 8B1EF940                	MOV	BX,[LSTRAM]		; Get end of RAM
  1066 000007A7 891E0D41                	MOV	[STRBOT],BX		; Clear string space
  1067 000007AB 30C0                    	XOR	AL,AL
  1068 000007AD E83404                  	CALL	RESTOR			; Reset DATA pointers
  1069 000007B0 8B1E2041                	MOV	BX,[PROGND]		; Get end of program
  1070 000007B4 891E2241                	MOV	[VAREND],BX		; Clear variables
  1071 000007B8 891E2441                	MOV	[ARREND],BX		; Clear arrays
  1072                                  ;
  1073                                  CLREG:
  1074 000007BC 59                      	POP	CX			; Save return address
  1075                                  	;MOV	BX,[STRSPC]		; Get end of working RAM
  1076                                  	;MOV	SP,BX			; Set stack
  1077 000007BD BBFD40                  	MOV	BX,TMSTPL		; Temporary string pool
  1078 000007C0 891EFB40                	MOV	[TMSTPT],BX		; Reset temporary string ptr
  1079 000007C4 30C0                    	XOR	AL,AL			; A = 00
  1080 000007C6 88C3                    	MOV	BL,AL			; HL = 0000
  1081 000007C8 88C7                    	MOV	BH,AL
  1082 000007CA 891E1E41                	MOV	[CONTAD],BX		; No CONTinue
  1083 000007CE A21541                  	MOV	[FORFLG],AL		; Clear FOR flag
  1084 000007D1 891E2841                	MOV	[FNRGNM],BX		 ; Clear FN argument
  1085 000007D5 53                      	PUSH	BX			; HL = 0000
  1086 000007D6 51                      	PUSH	CX			; Put back return
  1087                                  DOAGN:
  1088 000007D7 8B1E1841                	MOV	BX,[BRKLIN]		; Get address of code t
  1089 000007DB C3                      	RET				; Return to execution d
  1090                                  ;
  1091                                  PROMPT:
  1092 000007DC B03F                    	MOV	AL,'?'			; '?'
  1093 000007DE E8EF01                  	CALL	OUTC			; Output character
  1094 000007E1 B020                    	MOV	AL,' '			; Space
  1095 000007E3 E8EA01                  	CALL	OUTC			; Output character
  1096                                  ;	JMP	RINPUT			; Get input line
  1097 000007E6 E93A01                  	JMP	GETLIN			; Get input line
  1098                                  ;
  1099                                  CRUNCH:
  1100 000007E9 30C0                    	XOR	AL,AL			; Tokenise line @ HL to BUFFER
  1101 000007EB A2F840                  	MOV	[DATFLG],AL		; Reset literal flag
  1102 000007EE B105                    	MOV	CL,2+3			; 2 byte number and 3 nulls
  1103 000007F0 BAAB40                  	MOV	DX,BUFFER		; Start of input buffer
  1104                                  CRNCLP:
  1105 000007F3 8A07                    	MOV	AL,[BX]			; Get byte
  1106 000007F5 3C20                    	CMP	AL,' '			; Is it a space?
  1107 000007F7 7503                    	JNZ	CRNCLP1			; Yes - Copy direct
  1108 000007F9 E99E00                  	JMP	MOVDIR
  1109                                  CRNCLP1:
  1110 000007FC 88C5                    	MOV	CH,AL			; Save character
  1111 000007FE 3C22                    	CMP	AL,'"'			; Is it a quote?
  1112 00000800 7503                    	JNZ	CRNCLP2			; Yes - Copy literal string
  1113 00000802 E9C100                  	JMP	CPYLIT
  1114                                  CRNCLP2:
  1115 00000805 08C0                    	OR	AL,AL			; Is it end of buffer?
  1116 00000807 7503                    	JNZ	CRNCLP3			; Yes - End buffer
  1117 00000809 E9CA00                  	JMP	ENDBUF
  1118                                  CRNCLP3:
  1119 0000080C A0F840                  	MOV	AL,[DATFLG]		; Get data type
  1120 0000080F 08C0                    	OR	AL,AL			; Literal?
  1121 00000811 8A07                    	MOV	AL,[BX]			; Get byte to copy
  1122 00000813 7403                    	JZ	CRNCLP4			; Literal - Copy direct
  1123 00000815 E98200                  	JMP	MOVDIR
  1124                                  CRNCLP4:
  1125 00000818 3C3F                    	CMP	AL,'?'			; Is it '?' short for PRING
  1126 0000081A B09E                    	MOV	AL,ZPRINT		; "PRINT" token
  1127 0000081C 7502                    	JNZ	CRNCLP5			; Yes - replace it
  1128 0000081E EB7A                    	JMP	MOVDIR
  1129                                  CRNCLP5:
  1130 00000820 8A07                    	MOV	AL,[BX]			; Get byte again
  1131 00000822 3C30                    	CMP	AL,'0'			; Is it less than '0'
  1132 00000824 7206                    	JC	FNDWRD			; Yes - Look for reserved words
  1133 00000826 3C3C                    	CMP	AL,60			; ";"+1; Is it "0123456789:;" ?
  1134 00000828 7302                    	JNC	FNDWRD			; Yes - copy it direct
  1135 0000082A EB6E                    	JMP	MOVDIR
  1136                                  FNDWRD:
  1137 0000082C 52                      	PUSH	DX			; Look for reserved words
  1138 0000082D BA[6703]                	MOV	DX,WORDS-1		; Point to table
  1139 00000830 51                      	PUSH	CX			; Save count
  1140 00000831 B9[9408]                	MOV	CX,RETNAD		; Where to return to
  1141 00000834 51                      	PUSH	CX			; Save return address
  1142 00000835 B57F                    	MOV	CH,ZEND-1		; First token value -1
  1143 00000837 8A07                    	MOV	AL,[BX]			; Get byte
  1144 00000839 3C61                    	CMP	AL,'a'			; Less than 'a' ?
  1145 0000083B 7208                    	JC	SEARCH			; Yes - search for words
  1146 0000083D 3C7B                    	CMP	AL,'z'+1		; Greater than 'z' ?
  1147 0000083F 7304                    	JNC	SEARCH			; Yes - search for words
  1148 00000841 245F                    	AND	AL,01011111B		; Force upper case
  1149 00000843 8807                    	MOV	[BX],AL			; Replace byte
  1150                                  SEARCH:
  1151 00000845 8A0F                    	MOV	CL,[BX]			; Search for a word
  1152 00000847 87DA                    	XCHG	BX,DX
  1153                                  GETNXT:
  1154 00000849 9F                      	LAHF
  1155 0000084A 43                      	INC	BX
  1156 0000084B 9E                      	SAHF				; Get next reserved word
  1157 0000084C 0A07                    	OR	AL,[BX]			; Start of word?
  1158 0000084E 79F9                    	JNS	GETNXT			; No - move on
  1159 00000850 FEC5                    	INC	CH			; Increment token value
  1160 00000852 8A07                    	MOV	AL,[BX]			; Get byte from table
  1161 00000854 247F                    	AND	AL,01111111B		; Strip bit 7
  1162 00000856 7501                    	JNZ	GETNXT1
  1163 00000858 C3                      	RET				; Return if end of list
  1164                                  GETNXT1:
  1165 00000859 38C8                    	CMP	AL,CL			; Same character as in buffer?
  1166 0000085B 75EC                    	JNZ	GETNXT			; No - get next word
  1167 0000085D 87DA                    	XCHG	BX,DX
  1168 0000085F 53                      	PUSH	BX			; Save start of word
  1169                                  ;
  1170                                  NXTBYT:
  1171 00000860 9F                      	LAHF
  1172 00000861 42                      	INC	DX			; Look through rest of word
  1173 00000862 9E                      	SAHF
  1174 00000863 87DA                    	XCHG	BX,DX
  1175 00000865 8A07                    	MOV	AL,[BX]			; Get byte from table
  1176 00000867 87DA                    	XCHG	BX,DX
  1177 00000869 08C0                    	OR	AL,AL			; End of word ?
  1178 0000086B 781E                    	JS	MATCH			; Yes - Match found
  1179 0000086D 88C1                    	MOV	CL,AL			; Save it
  1180 0000086F 88E8                    	MOV	AL,CH			; Get token value
  1181 00000871 3C88                    	CMP	AL,ZGOTO		; Is it "GOTO" token ?
  1182 00000873 7506                    	JNZ	NOSPC			; No - Don't allow spaces
  1183 00000875 E85803                  	CALL	GETCHR			; Get next character
  1184 00000878 9F                      	LAHF
  1185 00000879 4B                      	DEC	BX			; Cancel increment fromGETCHR
  1186 0000087A 9E                      	SAHF
  1187                                  NOSPC:
  1188                                  ;	LAHF
  1189 0000087B 43                      	INC	BX
  1190                                  ;	SAHF				; Next byte
  1191 0000087C 8A07                    	MOV	AL,[BX]			; Get byte
  1192 0000087E 3C61                    	CMP	AL,'a'			; Less than 'a' ?
  1193 00000880 7202                    	JC	NOCHNG			; Yes - don't change
  1194 00000882 245F                    	AND	AL,01011111B		; Make upper case
  1195                                  NOCHNG:
  1196 00000884 38C8                    	CMP	AL,CL			; Same as in buffer ?
  1197 00000886 74D8                    	JZ	NXTBYT			; Yes - keep testing
  1198 00000888 5B                      	POP	BX			; Get back start of word
  1199 00000889 EBBA                    	JMP	SEARCH			; Look at next word
  1200                                  ;
  1201                                  MATCH:
  1202 0000088B 88E9                    	MOV	CL,CH			; Word found - Save token value
  1203 0000088D 58                      	POP	AX			; Throw away return
  1204 0000088E 86E0                    	XCHG	AH,AL
  1205 00000890 9E                      	SAHF
  1206 00000891 87DA                    	XCHG	BX,DX
  1207 00000893 C3                      	RET				; Return to "RETNAD"
  1208                                  RETNAD:
  1209 00000894 87DA                    	XCHG	BX,DX			; Get address in string
  1210 00000896 88C8                    	MOV	AL,CL			; Get token value
  1211 00000898 59                      	POP	CX			; Restore buffer length
  1212 00000899 5A                      	POP	DX			; Get destination address
  1213                                  MOVDIR:
  1214 0000089A 9F                      	LAHF
  1215 0000089B 43                      	INC	BX			; Next source in buffer
  1216 0000089C 9E                      	SAHF
  1217 0000089D 87DA                    	XCHG	BX,DX
  1218 0000089F 8807                    	MOV	[BX],AL			; Put byte in buffer
  1219 000008A1 87DA                    	XCHG	BX,DX
  1220 000008A3 9F                      	LAHF
  1221 000008A4 42                      	INC	DX			; Move up buffer
  1222 000008A5 9E                      	SAHF
  1223 000008A6 FEC1                    	INC	CL			; Increment length of buffer
  1224 000008A8 2C3A                    	SUB	AL,':'			; End of statement?
  1225 000008AA 7404                    	JZ	SETLIT			; Jump if multi-stateme line
  1226 000008AC 3C49                    	CMP	AL,ZDATA-3AH		; Is it DATA statement ?
  1227 000008AE 7503                    	JNZ	TSTREM			; No - see if REM
  1228                                  SETLIT:
  1229 000008B0 A2F840                  	MOV	[DATFLG],AL		; Set literal flag
  1230                                  TSTREM:
  1231 000008B3 2C54                    	SUB	AL,ZREM-3AH		; Is it REM?
  1232 000008B5 7403                    	JZ	TSTREM1			; No - Leave flag
  1233 000008B7 E939FF                  	JMP	CRNCLP
  1234                                  TSTREM1:
  1235 000008BA 88C5                    	MOV	CH,AL			; Copy rest of buffer
  1236                                  NXTCHR:
  1237 000008BC 8A07                    	MOV	AL,[BX]			; Get byte
  1238 000008BE 08C0                    	OR	AL,AL			; End of line ?
  1239 000008C0 7414                    	JZ	ENDBUF			; Yes - Terminate buffe
  1240 000008C2 38E8                    	CMP	AL,CH			; End of statement ?
  1241 000008C4 74D4                    	JZ	MOVDIR			; Yes - Get next one
  1242                                  CPYLIT:
  1243 000008C6 9F                      	LAHF
  1244 000008C7 43                      	INC	BX			; Move up source string
  1245 000008C8 9E                      	SAHF
  1246 000008C9 87DA                    	XCHG	BX,DX
  1247 000008CB 8807                    	MOV	[BX],AL			; Save in destination
  1248 000008CD 87DA                    	XCHG	BX,DX
  1249 000008CF FEC1                    	INC	CL			; Increment length
  1250 000008D1 9F                      	LAHF
  1251 000008D2 42                      	INC	DX			; Move up destination
  1252 000008D3 9E                      	SAHF
  1253 000008D4 EBE6                    	JMP	NXTCHR			; Repeat
  1254                                  ;
  1255                                  ENDBUF:
  1256 000008D6 BBAA40                  	MOV	BX,BUFFER-1		; Point to start of buffer
  1257 000008D9 87DA                    	XCHG	BX,DX
  1258 000008DB 8807                    	MOV	[BX],AL			; Mark end of buffer (A = 00)
  1259 000008DD 87DA                    	XCHG	BX,DX
  1260                                  ;	LAHF
  1261 000008DF 42                      	INC	DX
  1262                                  ;	SAHF
  1263 000008E0 87DA                    	XCHG	BX,DX
  1264 000008E2 8807                    	MOV	[BX],AL			; A = 00
  1265 000008E4 87DA                    	XCHG	BX,DX
  1266                                  ;	LAHF
  1267 000008E6 42                      	INC	DX
  1268                                  ;	SAHF
  1269 000008E7 87DA                    	XCHG	BX,DX
  1270 000008E9 8807                    	MOV	[BX],AL			; A = 00
  1271 000008EB 87DA                    	XCHG	BX,DX
  1272 000008ED C3                      	RET
  1273                                  ;
  1274                                  DODEL:
  1275 000008EE A08E40                  	MOV	AL,[NULFLG]		; Get null flag status
  1276 000008F1 08C0                    	OR	AL,AL			; Is it zero?
  1277 000008F3 B000                    	MOV	AL,0			; Zero A - Leave flags
  1278 000008F5 A28E40                  	MOV	[NULFLG],AL		; Zero null flag
  1279 000008F8 7509                    	JNZ	ECHDEL			; Set - Echo it
  1280 000008FA FECD                    	DEC	CH			; Decrement length
  1281 000008FC 7425                    	JZ	GETLIN			; Get line again if empty
  1282 000008FE E8CF00                  	CALL	OUTC			; Output null character
  1283 00000901 EB02                    	JMP	ECHDEL1			; Skip "DEC B"
  1284                                  ECHDEL:
  1285 00000903 FECD                    	DEC	CH			; Count bytes in buffer
  1286                                  ECHDEL1:
  1287 00000905 9F                      	LAHF
  1288 00000906 4B                      	DEC	BX			; Back space buffer
  1289 00000907 9E                      	SAHF
  1290 00000908 7411                    	JZ	OTKLN			; No buffer - Try again
  1291 0000090A 8A07                    	MOV	AL,[BX]			; Get deleted byte
  1292 0000090C E8C100                  	CALL	OUTC			; Echo it
  1293 0000090F EB1C                    	JMP	MORINP			; Get more input
  1294                                  ;
  1295                                  DELCHR:
  1296 00000911 FECD                    	DEC	CH			; Count bytes in buffer
  1297 00000913 9F                      	LAHF
  1298 00000914 4B                      	DEC	BX			; Back space buffer
  1299 00000915 9E                      	SAHF
  1300 00000916 E8B700                  	CALL	OUTC			; Output character in A
  1301 00000919 7512                    	JNZ	MORINP			; Not end - Get more
  1302                                  OTKLN:
  1303 0000091B E8B200                  	CALL	OUTC			; Output character in A
  1304                                  KILIN:
  1305 0000091E E83506                  	CALL	PRCRLF			; Output CRLF
  1306 00000921 EB00                    	JMP	TTYLIN			; Get line again
  1307                                  ;
  1308                                  GETLIN:
  1309                                  TTYLIN:
  1310 00000923 BBAB40                  	MOV	BX,BUFFER		; Get a line by charact
  1311 00000926 B501                    	MOV	CH,1			; Set buffer as empty
  1312 00000928 30C0                    	XOR	AL,AL
  1313 0000092A A28E40                  	MOV	[NULFLG],AL		; Clear null flag
  1314                                  MORINP:
  1315 0000092D E8E200                  	CALL	CLOTST			; Get character and test ^O
  1316 00000930 88C1                    	MOV	CL,AL			; Save character in C
  1317 00000932 3C7F                    	CMP	AL,DEL			; Delete character?
  1318 00000934 74B8                    	JZ	DODEL			; Yes - Process it
  1319 00000936 A08E40                  	MOV	AL,[NULFLG]		; Get null flag
  1320 00000939 08C0                    	OR	AL,AL			; Test null flag status
  1321 0000093B 740A                    	JZ	PROCES			; Reset - Process character
  1322 0000093D B000                    	MOV	AL,0			; Set a null
  1323 0000093F E88E00                  	CALL	OUTC			; Output null
  1324 00000942 30C0                    	XOR	AL,AL			; Clear A
  1325 00000944 A28E40                  	MOV	[NULFLG],AL		; Reset null flag
  1326                                  PROCES:
  1327 00000947 88C8                    	MOV	AL,CL			; Get character
  1328 00000949 3C07                    	CMP	AL,CTRLG		; Bell?
  1329 0000094B 743E                    	JZ	PUTCTL			; Yes - Save it
  1330 0000094D 3C03                    	CMP	AL,CTRLC		; Is it control "C"?
  1331 0000094F 7503                    	JNZ	PROCES1
  1332 00000951 E80206                  	CALL	PRCRLF			; Yes - Output CRLF
  1333                                  PROCES1:
  1334 00000954 F9                      	STC				; Flag break
  1335 00000955 7501                    	JNZ	PROCES2
  1336 00000957 C3                      	RET				; Return if control "C"
  1337                                  PROCES2:
  1338 00000958 3C0D                    	CMP	AL,CR			; Is it enter?
  1339 0000095A 7503                    	JNZ	PROCES3			; Yes - Terminate input
  1340 0000095C E9F105                  	JMP	ENDINP
  1341                                  PROCES3:
  1342 0000095F 3C15                    	CMP	AL,CTRLU		; Is it control "U"?
  1343 00000961 74BB                    	JZ	KILIN			; Yes - Get another line
  1344 00000963 3C40                    	CMP	AL,'@'			; Is it "kill line"?
  1345 00000965 74B4                    	JZ	OTKLN			; Yes - Kill line
  1346 00000967 3C5F                    	CMP	AL,'_'			; Is it delete?
  1347 00000969 74A6                    	JZ	DELCHR			; Yes - Delete character
  1348 0000096B 3C08                    	CMP	AL,BKSP			; Is it backspace?
  1349 0000096D 74A2                    	JZ	DELCHR			; Yes - Delete character
  1350 0000096F 3C12                    	CMP	AL,CTRLR		; Is it control "R"?
  1351 00000971 7514                    	JNZ	PUTBUF			; No - Put in buffer
  1352 00000973 51                      	PUSH	CX			; Save buffer length
  1353 00000974 52                      	PUSH	DX			; Save DE
  1354 00000975 53                      	PUSH	BX			; Save buffer address
  1355 00000976 C60700                  	MOV	BYTE [BX],0		; Mark end of buffer
  1356 00000979 E8051E                  	CALL	OUTNCR			; Output and do CRLF
  1357 0000097C BBAB40                  	MOV	BX,BUFFER		; Point to buffer start
  1358 0000097F E8190F                  	CALL	PRS			; Output buffer
  1359 00000982 5B                      	POP	BX			; Restore buffer address
  1360 00000983 5A                      	POP	DX			; Restore DE
  1361 00000984 59                      	POP	CX			; Restore buffer length
  1362 00000985 EBA6                    	JMP	MORINP			; Get another character
  1363                                  ;
  1364                                  PUTBUF:
  1365 00000987 3C20                    	CMP	AL,' '			; Is it a control code?
  1366 00000989 72A2                    	JC	MORINP			; Yes - Ignore
  1367                                  PUTCTL:
  1368 0000098B 88E8                    	MOV	AL,CH			; Get number of bytes in buffer
  1369 0000098D 3C49                    	CMP	AL,72+1			; Test for line overflow
  1370 0000098F B007                    	MOV	AL,CTRLG		; Set a bell
  1371 00000991 7311                    	JNC	OUTNBS			; Ring bell if buffer full
  1372 00000993 88C8                    	MOV	AL,CL			; Get character
  1373 00000995 880F                    	MOV	[BX],CL			; Save in buffer
  1374 00000997 A21641                  	MOV	[LSTBIN],AL		; Save last input byte
  1375 0000099A 9F                      	LAHF
  1376 0000099B 43                      	INC	BX			; Move up buffer
  1377 0000099C 9E                      	SAHF
  1378 0000099D FEC5                    	INC	CH			; Increment length
  1379                                  OUTIT:
  1380 0000099F E82E00                  	CALL	OUTC			; Output the character entered
  1381 000009A2 EB89                    	JMP	MORINP			; Get another character
  1382                                  ;
  1383                                  OUTNBS:
  1384 000009A4 E82900                  	CALL	OUTC			; Output bell and back over it
  1385 000009A7 B008                    	MOV	AL,BKSP			; Set back space
  1386 000009A9 EBF4                    	JMP	OUTIT			; Output it and get more
  1387                                  ;
  1388                                  ; Z or Overflow
  1389                                  CPDEHL:
  1390 000009AB 88F8                    	MOV	AL,BH			; Get H
  1391 000009AD 28F0                    	SUB	AL,DH			; Compare with D
  1392 000009AF 7401                    	JZ	CPDEHL1
  1393 000009B1 C3                      	RET				; Different - Exit
  1394                                  CPDEHL1:
  1395 000009B2 88D8                    	MOV	AL,BL			; Get L
  1396 000009B4 28D0                    	SUB	AL,DL			; Compare with E
  1397 000009B6 C3                      	RET				; Return status
  1398                                  ;
  1399                                  CHKSYN:
  1400 000009B7 8A07                    	MOV	AL,[BX]			; Check syntax of character
  1401 000009B9 89E5                    	MOV	BP,SP
  1402 000009BB 875E00                  	XCHG	[BP],BX			; Address of test byte
  1403 000009BE 3A07                    	CMP	AL,[BX]			; Same as in code string?
  1404 000009C0 9F                      	LAHF
  1405 000009C1 43                      	INC	BX			; Return address
  1406 000009C2 9E                      	SAHF
  1407 000009C3 89E5                    	MOV	BP,SP
  1408 000009C5 875E00                  	XCHG	[BP],BX			; Put it back
  1409 000009C8 7503                    	JNZ	CHKSYN1			; Yes - Get next character
  1410 000009CA E90302                  	JMP	GETCHR
  1411                                  CHKSYN1:
  1412 000009CD E935FC                  	JMP	SNERR			; Different - ?SN Error
  1413                                  ;
  1414                                  OUTC:
  1415 000009D0 9F                      	LAHF
  1416 000009D1 86E0                    	XCHG	AH,AL
  1417 000009D3 50                      	PUSH	AX			; Save character
  1418 000009D4 86E0                    	XCHG	AH,AL
  1419 000009D6 A08F40                  	MOV	AL,[CTLOFG]		; Get control "O" flag
  1420 000009D9 08C0                    	OR	AL,AL			; Is it set?
  1421 000009DB 7403                    	JZ	OUTC1			; Yes - don't output
  1422 000009DD E90F0F                  	JMP	POPAF
  1423                                  OUTC1:
  1424 000009E0 58                      	POP	AX			; Restore character
  1425 000009E1 86E0                    	XCHG	AH,AL
  1426 000009E3 9E                      	SAHF
  1427 000009E4 51                      	PUSH	CX			; Save buffer length
  1428 000009E5 9F                      	LAHF
  1429 000009E6 86E0                    	XCHG	AH,AL
  1430 000009E8 50                      	PUSH	AX			; Save character
  1431 000009E9 86E0                    	XCHG	AH,AL
  1432 000009EB 3C20                    	CMP	AL,' '			; Is it a control code?
  1433 000009ED 721A                    	JC	DINPOS			; Yes - Don't INC POS(X)
  1434 000009EF A08C40                  	MOV	AL,[LWIDTH]		; Get line width
  1435 000009F2 88C5                    	MOV	CH,AL			; To B
  1436 000009F4 A0F540                  	MOV	AL,[CURPOS]		; Get cursor position
  1437 000009F7 FEC5                    	INC	CH			; Width 255?
  1438 000009F9 7409                    	JZ	INCLEN			; Yes - No width limit
  1439 000009FB FECD                    	DEC	CH			; Restore width
  1440 000009FD 38E8                    	CMP	AL,CH			; At end of line?
  1441 000009FF 7503                    	JNZ	INCLEN
  1442 00000A01 E85205                  	CALL	PRCRLF			; Yes - output CRLF
  1443                                  INCLEN:
  1444 00000A04 FEC0                    	INC	AL			; Move on one character
  1445 00000A06 A2F540                  	MOV	[CURPOS],AL		; Save new position
  1446                                  DINPOS:
  1447 00000A09 58                      	POP	AX			; Restore character
  1448 00000A0A 86E0                    	XCHG	AH,AL
  1449 00000A0C 9E                      	SAHF
  1450 00000A0D 59                      	POP	CX			; Restore buffer length
  1451 00000A0E E8FAF5                  	CALL	putch			; Send it
  1452 00000A11 C3                      	RET
  1453                                  ;
  1454                                  CLOTST:
  1455 00000A12 E8EDF5                  	CALL	getch			; Get input character
  1456 00000A15 247F                    	AND	AL,01111111B		; Strip bit 7
  1457 00000A17 3C0F                    	CMP	AL,CTRLO		; Is it control "O"?
  1458 00000A19 7401                    	JZ	CLOTST1
  1459 00000A1B C3                      	RET				; No don't flip flag
  1460                                  CLOTST1:
  1461 00000A1C A08F40                  	MOV	AL,[CTLOFG]		; Get flag
  1462 00000A1F F6D0                    	NOT	AL			; Flip it
  1463 00000A21 A28F40                  	MOV	[CTLOFG],AL		; Put it back
  1464 00000A24 30C0                    	XOR	AL,AL			; Null character
  1465 00000A26 C3                      	RET
  1466                                  ;
  1467                                  LIST:
  1468 00000A27 E8BA02                  	CALL	ATOH			; ASCII number to DE
  1469 00000A2A 7401                    	JZ	LIST1
  1470 00000A2C C3                      	RET				; Return if anything extra
  1471                                  LIST1:
  1472 00000A2D 59                      	POP	CX			; Rubbish - Not needed
  1473 00000A2E E81EFD                  	CALL	SRCHLN			; Search for line number in DE
  1474 00000A31 51                      	PUSH	CX			; Save address of line
  1475 00000A32 E86500                  	CALL	SETLIN			; Set up lines counter
  1476                                  LISTLP:
  1477 00000A35 5B                      	POP	BX			; Restore address of line
  1478 00000A36 8A0F                    	MOV	CL,[BX]			; Get LSB of next line
  1479                                  ;	LAHF
  1480 00000A38 43                      	INC	BX
  1481                                  ;	SAHF
  1482 00000A39 8A2F                    	MOV	CH,[BX]			; Get MSB of next line
  1483                                  ;	LAHF
  1484 00000A3B 43                      	INC	BX
  1485                                  ;	SAHF
  1486 00000A3C 88E8                    	MOV	AL,CH			; BC = 0 (End of program)?
  1487 00000A3E 08C8                    	OR	AL,CL
  1488 00000A40 7503                    	JNZ	LISTLP1			; Yes - Go to command mode
  1489 00000A42 E91DFC                  	JMP	PRNTOK
  1490                                  LISTLP1:
  1491 00000A45 E85D00                  	CALL	COUNT			; Count lines
  1492 00000A48 E8BC01                  	CALL	TSTBRK			; Test for break key
  1493 00000A4B 51                      	PUSH	CX			; Save address of next line
  1494 00000A4C E80705                  	CALL	PRCRLF			; Output CRLF
  1495 00000A4F 8A17                    	MOV	DL,[BX]			; Get LSB of line numbe
  1496 00000A51 9F                      	LAHF
  1497 00000A52 43                      	INC	BX
  1498 00000A53 9E                      	SAHF
  1499 00000A54 8A37                    	MOV	DH,[BX]			; Get MSB of line number
  1500 00000A56 9F                      	LAHF
  1501 00000A57 43                      	INC	BX
  1502 00000A58 9E                      	SAHF
  1503 00000A59 53                      	PUSH	BX			; Save address of line start
  1504 00000A5A 87DA                    	XCHG	BX,DX			; Line number to HL
  1505 00000A5C E8B417                  	CALL	PRNTHL			; Output line number in decimal
  1506 00000A5F B020                    	MOV	AL,' '			; Space after line number
  1507 00000A61 5B                      	POP	BX			; Restore start of line address
  1508                                  LSTLP2:
  1509 00000A62 E86BFF                  	CALL	OUTC			; Output character in A
  1510                                  LSTLP3:
  1511 00000A65 8A07                    	MOV	AL,[BX]			; Get next byte in line
  1512 00000A67 08C0                    	OR	AL,AL			; End of line?
  1513 00000A69 9F                      	LAHF
  1514 00000A6A 43                      	INC	BX			; To next byte in line
  1515 00000A6B 9E                      	SAHF
  1516 00000A6C 74C7                    	JZ	LISTLP			; Yes - get next line
  1517 00000A6E 79F2                    	JNS	LSTLP2			; No token - output it
  1518 00000A70 2C7F                    	SUB	AL,ZEND-1		; Find and output word
  1519 00000A72 88C1                    	MOV	CL,AL			; Token offset+1 to C
  1520 00000A74 BA[6803]                	MOV	DX,WORDS		; Reserved word list
  1521                                  FNDTOK:
  1522 00000A77 87DA                    	XCHG	BX,DX
  1523 00000A79 8A07                    	MOV	AL,[BX]			; Get character in list
  1524 00000A7B 87DA                    	XCHG	BX,DX
  1525                                  ;	LAHF
  1526 00000A7D 42                      	INC	DX			; Move on to next
  1527                                  ;	SAHF
  1528 00000A7E 08C0                    	OR	AL,AL			; Is it start of word?
  1529 00000A80 79F5                    	JNS	FNDTOK			; No - Keep looking for word
  1530 00000A82 FEC9                    	DEC	CL			; Count words
  1531 00000A84 75F1                    	JNZ	FNDTOK			; Not there - keep look
  1532                                  OUTWRD:
  1533 00000A86 247F                    	AND	AL,01111111B		; Strip bit 7
  1534 00000A88 E845FF                  	CALL	OUTC			; Output first character
  1535 00000A8B 87DA                    	XCHG	BX,DX
  1536 00000A8D 8A07                    	MOV	AL,[BX]			; Get next character
  1537 00000A8F 87DA                    	XCHG	BX,DX
  1538 00000A91 9F                      	LAHF
  1539 00000A92 42                      	INC	DX			; Move on to next
  1540 00000A93 9E                      	SAHF
  1541 00000A94 08C0                    	OR	AL,AL			; Is it end of word?
  1542 00000A96 79EE                    	JNS	OUTWRD			; No - output the rest
  1543 00000A98 EBCB                    	JMP	LSTLP3			; Next byte in line
  1544                                  ;
  1545                                  SETLIN:
  1546 00000A9A 53                      	PUSH	BX			; Set up LINES counter
  1547 00000A9B 8B1E9240                	MOV	BX,[LINESN]		; Get LINES number
  1548 00000A9F 891E9040                	MOV	[LINESC],BX		; Save in LINES counter
  1549 00000AA3 5B                      	POP	BX
  1550 00000AA4 C3                      	RET
  1551                                  ;
  1552                                  COUNT:
  1553 00000AA5 53                      	PUSH	BX			; Save code string address
  1554 00000AA6 52                      	PUSH	DX
  1555 00000AA7 8B1E9040                	MOV	BX,[LINESC]		; Get LINES counter
  1556 00000AAB BAFFFF                  	MOV	DX,-1
  1557 00000AAE 11D3                    	ADC	BX,DX			; Decrement
  1558                                  ;
  1559 00000AB0 891E9040                	MOV	[LINESC],BX		; Put it back
  1560 00000AB4 5A                      	POP	DX
  1561 00000AB5 5B                      	POP	BX			; Restore code string address
  1562 00000AB6 7801                    	JS	COUNT1
  1563 00000AB8 C3                      	RET				; Return if more lines to go
  1564                                  COUNT1:
  1565 00000AB9 53                      	PUSH	BX			; Save code string address
  1566 00000ABA 8B1E9240                	MOV	BX,[LINESN]		; Get LINES number
  1567 00000ABE 891E9040                	MOV	[LINESC],BX		; Reset LINES counter
  1568 00000AC2 E83DF5                  	CALL	getch			; Get input character
  1569 00000AC5 3C03                    	CMP	AL,CTRLC		; Is it control "C"?
  1570 00000AC7 7403                    	JZ	RSLNBK			; Yes - Reset LINES an break
  1571 00000AC9 5B                      	POP	BX			; Restore code string address
  1572 00000ACA EBD9                    	JMP	COUNT			; Keep on counting
  1573                                  ;
  1574                                  RSLNBK:
  1575 00000ACC 8B1E9240                	MOV	BX,[LINESN]		; Get LINES number
  1576 00000AD0 891E9040                	MOV	[LINESC],BX		; Reset LINES counter
  1577 00000AD4 E9C3F7                  	JMP	BRKRET			; Go and output "Break"
  1578                                  ;
  1579                                  FOR:
  1580 00000AD7 B064                    	MOV	AL,64H			; Flag "FOR" assignment
  1581 00000AD9 A21541                  	MOV	[FORFLG],AL		; Save "FOR" flag
  1582 00000ADC E84603                  	CALL	LET			; Set up initial index
  1583 00000ADF 59                      	POP	CX			; Drop RETurn address
  1584 00000AE0 53                      	PUSH	BX			; Save code string address
  1585 00000AE1 E81E03                  	CALL	DATA			; Get next statement address
  1586 00000AE4 891E1141                	MOV	[LOOPST],BX		; Save it for start of loop
  1587 00000AE8 BB0200                  	MOV	BX,2			; Offset for "FOR" block
  1588 00000AEB 01E3                    	ADD	BX,SP			; Point to it
  1589                                  FORSLP:
  1590 00000AED E8A2FA                  	CALL	LOKFOR			; Look for existing "FOR" block
  1591 00000AF0 5A                      	POP	DX			; Get code string address
  1592 00000AF1 7519                    	JNZ	FORFND			; No nesting found
  1593 00000AF3 01CB                    	ADD	BX,CX			; Move into "FOR" block
  1594 00000AF5 52                      	PUSH	DX			; Save code string address
  1595                                  ;	LAHF
  1596 00000AF6 4B                      	DEC	BX
  1597                                  ;	SAHF
  1598 00000AF7 8A37                    	MOV	DH,[BX]			; Get MSB of loop statement
  1599                                  ;	LAHF
  1600 00000AF9 4B                      	DEC	BX
  1601                                  ;	SAHF
  1602 00000AFA 8A17                    	MOV	DL,[BX]			; Get LSB of loop statement
  1603                                  ;	LAHF
  1604 00000AFC 43                      	INC	BX
  1605                                  ;	SAHF
  1606                                  ;	LAHF
  1607 00000AFD 43                      	INC	BX
  1608                                  ;	SAHF
  1609 00000AFE 53                      	PUSH	BX			; Save block address
  1610 00000AFF 8B1E1141                	MOV	BX,[LOOPST]		; Get address of loop statement
  1611 00000B03 E8A5FE                  	CALL	CPDEHL			; Compare the FOR loops
  1612 00000B06 5B                      	POP	BX			; Restore block address
  1613 00000B07 75E4                    	JNZ	FORSLP			; Different FORs - Find another
  1614 00000B09 5A                      	POP	DX			; Restore code string address
  1615 00000B0A 89DC                    	MOV	SP,BX			; Remove all nested loops
  1616                                  ;
  1617                                  FORFND:
  1618 00000B0C 87DA                    	XCHG	BX,DX			; Code string address to HL
  1619 00000B0E B108                    	MOV	CL,8
  1620 00000B10 E8C4FA                  	CALL	CHKSTK			; Check for 8 levels of stack
  1621 00000B13 53                      	PUSH	BX			; Save code string address
  1622 00000B14 8B1E1141                	MOV	BX,[LOOPST]		; Get first statement of loop
  1623 00000B18 89E5                    	MOV	BP,SP
  1624 00000B1A 875E00                  	XCHG	[BP],BX			; Save and restore code string
  1625 00000B1D 53                      	PUSH	BX			; Re-save code string address
  1626 00000B1E 8B1EA640                	MOV	BX,[LINEAT]		; Get current line number
  1627 00000B22 89E5                    	MOV	BP,SP
  1628 00000B24 875E00                  	XCHG	[BP],BX			; Save and restore code string
  1629 00000B27 E87906                  	CALL	TSTNUM			; Make sure it's a number
  1630 00000B2A E88AFE                  	CALL	CHKSYN			; Make sure "TO" is next
  1631 00000B2D A6                      	DB	ZTO			; "TO" token
  1632 00000B2E E86F06                  	CALL	GETNUM			; Get "TO" expression value
  1633 00000B31 53                      	PUSH	BX			; Save code string address
  1634 00000B32 E8E914                  	CALL	BCDEFP			; Move "TO" value to BCDE
  1635 00000B35 5B                      	POP	BX			; Restore code string address
  1636 00000B36 51                      	PUSH	CX			; Save "TO" value in block
  1637 00000B37 52                      	PUSH	DX
  1638 00000B38 B90081                  	MOV	CX,8100H		; BCDE - 1 (default STE
  1639 00000B3B 88CE                    	MOV	DH,CL			; C=0
  1640 00000B3D 88F2                    	MOV	DL,DH			; D=0
  1641 00000B3F 8A07                    	MOV	AL,[BX]			; Get next byte in code string
  1642 00000B41 3CAB                    	CMP	AL,ZSTEP		; See if "STEP" is stated
  1643 00000B43 B001                    	MOV	AL,1			; Sign of step = 1
  1644 00000B45 750E                    	JNZ	SAVSTP			; No STEP given - Default to 1
  1645 00000B47 E88600                  	CALL	GETCHR			; Jump over "STEP" token
  1646 00000B4A E85306                  	CALL	GETNUM			; Get step value
  1647 00000B4D 53                      	PUSH	BX			; Save code string address
  1648 00000B4E E8CD14                  	CALL	BCDEFP			; Move STEP to BCDE
  1649 00000B51 E85A14                  	CALL	TSTSGN			; Test sign of FPREG
  1650 00000B54 5B                      	POP	BX			; Restore code string address
  1651                                  SAVSTP:
  1652 00000B55 51                      	PUSH	CX			; Save the STEP value in block
  1653 00000B56 52                      	PUSH	DX
  1654 00000B57 9F                      	LAHF
  1655 00000B58 86E0                    	XCHG	AH,AL			; Save sign of STEP
  1656 00000B5A 50                      	PUSH	AX
  1657 00000B5B 86E0                    	XCHG	AH,AL
  1658 00000B5D 44                      	INC	SP			; Don't save flags
  1659 00000B5E 53                      	PUSH	BX			; Save code string address
  1660 00000B5F 8B1E1841                	MOV	BX,[BRKLIN]		; Get address of index variable
  1661 00000B63 89E5                    	MOV	BP,SP
  1662 00000B65 875E00                  	XCHG	[BP],BX			; Save and restore code string
  1663                                  PUTFID:
  1664 00000B68 B581                    	MOV	CH,ZFOR			; "FOR" block marker
  1665 00000B6A 51                      	PUSH	CX			; Save it
  1666 00000B6B 44                      	INC	SP			; Don't save C
  1667                                  ;
  1668                                  RUNCNT:
  1669 00000B6C E89800                  	CALL	TSTBRK			; Execution driver - Test break
  1670 00000B6F 891E1841                	MOV	[BRKLIN],BX		; Save code address for a key
  1671 00000B73 8A07                    	MOV	AL,[BX]			; Get next byte in code string
  1672 00000B75 3C3A                    	CMP	AL,':'			; Multi statement line?
  1673 00000B77 7428                    	JZ	EXCUTE			; Yes - Execute it
  1674 00000B79 08C0                    	OR	AL,AL			; End of line?
  1675 00000B7B 7403                    	JZ	RUNCNT1			; No - Syntax error
  1676 00000B7D E985FA                  	JMP	SNERR
  1677                                  RUNCNT1:
  1678 00000B80 9F                      	LAHF
  1679 00000B81 43                      	INC	BX			; Point to address of next line
  1680 00000B82 9E                      	SAHF
  1681 00000B83 8A07                    	MOV	AL,[BX]			; Get LSB of line point
  1682 00000B85 9F                      	LAHF
  1683 00000B86 43                      	INC	BX
  1684 00000B87 9E                      	SAHF
  1685 00000B88 0A07                    	OR	AL,[BX]			; Is it zero (End of prog)?
  1686 00000B8A 7503                    	JNZ	RUNCNT2			; Yes - Terminate execution
  1687 00000B8C E9B400                  	JMP	ENDPRG
  1688                                  RUNCNT2:
  1689 00000B8F 9F                      	LAHF
  1690 00000B90 43                      	INC	BX			; Point to line number
  1691 00000B91 9E                      	SAHF
  1692 00000B92 8A17                    	MOV	DL,[BX]			; Get LSB of line numbe
  1693 00000B94 9F                      	LAHF
  1694 00000B95 43                      	INC	BX
  1695 00000B96 9E                      	SAHF
  1696 00000B97 8A37                    	MOV	DH,[BX]			; Get MSB of line numbe
  1697 00000B99 87DA                    	XCHG	BX,DX			; Line number to HL
  1698 00000B9B 891EA640                	MOV	[LINEAT],BX		; Save as current line number
  1699 00000B9F 87DA                    	XCHG	BX,DX			; Line number back to DE
  1700                                  EXCUTE:
  1701 00000BA1 E82C00                  	CALL	GETCHR			; Get key word
  1702 00000BA4 BA[6C0B]                	MOV	DX,RUNCNT		; Where to RETurn to
  1703 00000BA7 52                      	PUSH	DX			; Save for RETurn
  1704                                  IFJMP:
  1705 00000BA8 7501                    	JNZ	ONJMP
  1706 00000BAA C3                      	RET				; Go to RUNCNT if end of STMT
  1707                                  ONJMP:
  1708 00000BAB 2C80                    	SUB	AL,ZEND			; Is it a token?
  1709 00000BAD 7303                    	JNC	ONJMP1
  1710 00000BAF E97302                  	JMP	LET			; No - try to assign it
  1711                                  ONJMP1:
  1712 00000BB2 3C25                    	CMP	AL,ZNEW+1-ZEND		; END to NEW ?
  1713 00000BB4 7203                    	JC	ONJMP2
  1714 00000BB6 E94CFA                  	JMP	SNERR			; Not a key word - ?SN Error
  1715                                  ONJMP2:
  1716 00000BB9 D0C0                    	ROL	AL,1			; Double it
  1717 00000BBB 88C1                    	MOV	CL,AL			; BC = Offset into table
  1718 00000BBD B500                    	MOV	CH,0
  1719 00000BBF 87DA                    	XCHG	BX,DX			; Save code string address
  1720 00000BC1 BB[8704]                	MOV	BX,WORDTB		; Keyword address table
  1721 00000BC4 01CB                    	ADD	BX,CX			; Point to routine address
  1722 00000BC6 8A0F                    	MOV	CL,[BX]			; Get LSB of routine address
  1723 00000BC8 9F                      	LAHF
  1724 00000BC9 43                      	INC	BX
  1725 00000BCA 9E                      	SAHF
  1726 00000BCB 8A2F                    	MOV	CH,[BX]			; Get MSB of routine address
  1727 00000BCD 51                      	PUSH	CX			; Save routine address
  1728 00000BCE 87DA                    	XCHG	BX,DX			; Restore code string address
  1729                                  ;
  1730                                  GETCHR:
  1731                                  ;	LAHF
  1732 00000BD0 43                      	INC	BX			; Point to next character
  1733                                  ;	SAHF
  1734 00000BD1 8A07                    	MOV	AL,[BX]			; Get next code string byte
  1735 00000BD3 3C3A                    	CMP	AL,':'			; Z if ':'
  1736 00000BD5 7201                    	JC	GETCHR1
  1737 00000BD7 C3                      	RET				; NC if > "9"
  1738                                  GETCHR1:
  1739 00000BD8 3C20                    	CMP	AL,' '
  1740 00000BDA 74F4                    	JZ	GETCHR			; Skip over spaces
  1741 00000BDC 3C30                    	CMP	AL,'0'
  1742 00000BDE F5                      	CMC				; NC if < '0'
  1743 00000BDF FEC0                    	INC	AL			; Test for zero - Leave carry
  1744 00000BE1 FEC8                    	DEC	AL			; Z if Null
  1745 00000BE3 C3                      	RET
  1746                                  ;
  1747                                  RESTOR:
  1748 00000BE4 87DA                    	XCHG	BX,DX			; Save code string address
  1749 00000BE6 8B1EA840                	MOV	BX,[BASTXT]		; Point to start of program
  1750 00000BEA 7411                    	JZ	RESTNL			; Just RESTORE - reset pointer
  1751 00000BEC 87DA                    	XCHG	BX,DX			; Restore code string address
  1752 00000BEE E8F300                  	CALL	ATOH			; Get line number to DE
  1753 00000BF1 53                      	PUSH	BX			; Save code string address
  1754 00000BF2 E85AFB                  	CALL	SRCHLN			; Search for line number in DE
  1755 00000BF5 89CB                    	MOV	BX,CX			; HL = Address of line
  1756 00000BF7 5A                      	POP	DX			; Restore code string address
  1757 00000BF8 7203                    	JC	RESTNL
  1758 00000BFA E9CA01                  	JMP	ULERR			; ?UL Error if not found
  1759                                  RESTNL:
  1760 00000BFD 9F                      	LAHF
  1761 00000BFE 4B                      	DEC	BX			; Byte before DATA statement
  1762 00000BFF 9E                      	SAHF
  1763                                  UPDATA:
  1764 00000C00 891E2641                	MOV	[NXTDAT],BX		; Update DATA pointer
  1765 00000C04 87DA                    	XCHG	BX,DX			; Restore code string address
  1766 00000C06 C3                      	RET
  1767                                  ;
  1768                                  
  1769                                  TSTBRK:
  1770 00000C07 E8F8F5                  	CALL	CHKCHR			; Check input status
  1771 00000C0A 7501                    	JNZ	TSTBRK1
  1772 00000C0C C3                      	RET				; No key, go back
  1773                                  TSTBRK1:
  1774 00000C0D E8F2F3                  	CALL	getch			; Get the key into A
  1775 00000C10 3C1B                    	CMP	AL,ESC			; Escape key?
  1776 00000C12 7417                    	JZ	BRK			; Yes, break
  1777 00000C14 3C03                    	CMP	AL,CTRLC		; <Ctrl-C>
  1778 00000C16 7413                    	JZ	BRK			; Yes, break
  1779 00000C18 3C13                    	CMP	AL,CTRLS		; Stop scrolling?
  1780 00000C1A 7401                    	JZ	STALL
  1781 00000C1C C3                      	RET				; Other key, ignore
  1782                                  ;
  1783                                  
  1784                                  STALL:
  1785 00000C1D E8E2F3                  	CALL	getch			; Wait for key
  1786 00000C20 3C11                    	CMP	AL,CTRLQ		; Resume scrolling?
  1787 00000C22 7501                    	JNZ	STALL1
  1788 00000C24 C3                      	RET				; Release the chokehold
  1789                                  STALL1:
  1790 00000C25 3C03                    	CMP	AL,CTRLC		; Second break?
  1791 00000C27 7407                    	JZ	STOP			; Break during hold exit
  1792 00000C29 EBF2                    	JMP	STALL			; Loop until <Ctrl-Q> o
  1793                                  ;
  1794                                  BRK:
  1795 00000C2B B0FF                    	MOV	AL,0FFH      		; Set BRKFLG
  1796 00000C2D A29740                  	MOV	[BRKFLG],AL		; Store it
  1797                                  ;
  1798                                  
  1799                                  STOP:
  1800 00000C30 7401                    	JZ	STOP1
  1801 00000C32 C3                      	RET				; Exit if anything else
  1802                                  STOP1:
  1803 00000C33 0CC0                    	OR	AL,11000000B		; Flag "STOP"
  1804 00000C35 EB03                    	JMP	PEND1
  1805                                  PEND:
  1806 00000C37 7401                    	JZ	PEND1
  1807 00000C39 C3                      	RET				; Exit if anything else
  1808                                  PEND1:
  1809 00000C3A 891E1841                	MOV	[BRKLIN],BX		; Save point of break
  1810 00000C3E EB02                    	JMP	INPBRK1			; Skip "OR AL,11111111B"
  1811                                  INPBRK:
  1812 00000C40 0CFF                    	OR	AL,11111111B		; Flag "Break" wanted
  1813                                  INPBRK1:
  1814 00000C42 59                      	POP	CX			; Return not needed and more
  1815                                  ENDPRG:
  1816 00000C43 8B1EA640                	MOV	BX,[LINEAT]		; Get current line number
  1817 00000C47 9F                      	LAHF
  1818 00000C48 86E0                    	XCHG	AH,AL
  1819 00000C4A 50                      	PUSH	AX			; Save STOP / END statu
  1820 00000C4B 86E0                    	XCHG	AH,AL
  1821 00000C4D 88D8                    	MOV	AL,BL			; Is it direct break?
  1822 00000C4F 20F8                    	AND	AL,BH
  1823 00000C51 FEC0                    	INC	AL			; Line is -1 if direct break
  1824 00000C53 740C                    	JZ	NOLIN			; Yes - No line number
  1825 00000C55 891E1C41                	MOV	[ERRLIN],BX		; Save line of break
  1826 00000C59 8B1E1841                	MOV	BX,[BRKLIN]		; Get point of break
  1827 00000C5D 891E1E41                	MOV	[CONTAD],BX		; Save point to CONTinue
  1828                                  NOLIN:
  1829 00000C61 30C0                    	XOR	AL,AL
  1830 00000C63 A28F40                  	MOV	[CTLOFG],AL		; Enable output
  1831 00000C66 E8DF02                  	CALL	STTLIN			; Start a new line
  1832 00000C69 58                      	POP	AX			; Restore STOP / END status
  1833 00000C6A 86E0                    	XCHG	AH,AL
  1834 00000C6C 9E                      	SAHF
  1835 00000C6D BB[8705]                	MOV	BX,BRKMSG		; "Break" message
  1836 00000C70 7403                    	JZ	NOLIN1
  1837 00000C72 E9CDF9                  	JMP	ERRIN			; "in line" wanted?
  1838                                  NOLIN1:
  1839 00000C75 E9EAF9                  	JMP	PRNTOK			; Go to command mode
  1840                                  ;
  1841                                  CONT:
  1842 00000C78 8B1E1E41                	MOV	BX,[CONTAD]		; Get CONTinue address
  1843 00000C7C 88F8                    	MOV	AL,BH			; Is it zero?
  1844 00000C7E 08D8                    	OR	AL,BL
  1845 00000C80 B220                    	MOV	DL,CN			; ?CN Error
  1846 00000C82 7503                    	JNZ	CONT1
  1847 00000C84 E998F9                  	JMP	ERROR			; Yes - output "?CN Error"
  1848                                  CONT1:
  1849 00000C87 87DA                    	XCHG	BX,DX			; Save code string address
  1850 00000C89 8B1E1C41                	MOV	BX,[ERRLIN]		; Get line of last break
  1851 00000C8D 891EA640                	MOV	[LINEAT],BX		; Set up current line number
  1852 00000C91 87DA                    	XCHG	BX,DX			; Restore code string address
  1853 00000C93 C3                      	RET				; CONTinue where left off
  1854                                  ;
  1855                                  NULL:
  1856 00000C94 E88D0F                  	CALL	GETINT			; Get integer 0-255
  1857 00000C97 7401                    	JZ	NULL1
  1858 00000C99 C3                      	RET				; Return if bad value
  1859                                  NULL1:
  1860 00000C9A A28B40                  	MOV	[NULLS],AL		; Set nulls number
  1861 00000C9D C3                      	RET
  1862                                  ;
  1863                                  
  1864                                  ACCSUM:
  1865 00000C9E 53                      	PUSH	BX			; Save address in array
  1866 00000C9F 8B1E9440                	MOV	BX,[CHKSUM]		; Get check sum
  1867 00000CA3 B500                    	MOV	CH,0			; BC - Value of byte
  1868 00000CA5 88C1                    	MOV	CL,AL
  1869 00000CA7 01CB                    	ADD	BX,CX			; Add byte to check sum
  1870 00000CA9 891E9440                	MOV	[CHKSUM],BX		; Re-save check sum
  1871 00000CAD 5B                      	POP	BX			; Restore address in array
  1872 00000CAE C3                      	RET
  1873                                  ;
  1874                                  CHKLTR:
  1875 00000CAF 8A07                    	MOV	AL,[BX]			; Get byte
  1876 00000CB1 3C41                    	CMP	AL,'A'			; < 'A' ?
  1877 00000CB3 7301                    	JNC	CHKLTR1
  1878 00000CB5 C3                      	RET         			  ; Carry set if not letter
  1879                                  CHKLTR1:
  1880 00000CB6 3C5B                    	CMP	AL,'Z'+1		; > 'Z' ?
  1881 00000CB8 F5                      	CMC
  1882 00000CB9 C3                      	RET				; Carry set if not letter
  1883                                  ;
  1884                                  FPSINT:
  1885 00000CBA E813FF                  	CALL	GETCHR			; Get next character
  1886                                  POSINT:
  1887 00000CBD E8E004                  	CALL	GETNUM			; Get integer 0 to 32767
  1888                                  DEPINT:
  1889 00000CC0 E8EB12                  	CALL	TSTSGN			; Test sign of FPREG
  1890 00000CC3 781A                    	JS	FCERR			; Negative - ?FC Error
  1891                                  DEINT:
  1892 00000CC5 A03141                  	MOV	AL,[FPEXP]		; Get integer value to DE
  1893 00000CC8 3C90                    	CMP	AL,80H+16		; Exponent in range (16 bits)?
  1894 00000CCA 7303                    	JNC	DEINT1
  1895 00000CCC E9EC13                  	JMP	FPINT			; Yes - convert it
  1896                                  DEINT1:
  1897 00000CCF B98090                  	MOV	CX,9080H		; BCDE = -32768
  1898 00000CD2 BA0000                  	MOV	DX,0000
  1899 00000CD5 53                      	PUSH	BX			; Save code string address
  1900 00000CD6 E89013                  	CALL	CMPNUM			; Compare FPREG with BCDE
  1901 00000CD9 5B                      	POP	BX			; Restore code string address
  1902 00000CDA 88CE                    	MOV	DH,CL			; MSB to D
  1903 00000CDC 7501                    	JNZ	FCERR
  1904 00000CDE C3                      	RET				; Return if in range
  1905                                  FCERR:
  1906 00000CDF B208                    	MOV	DL,FC			; ?FC Error
  1907 00000CE1 E93BF9                  	JMP	ERROR			; Output error-
  1908                                  ;
  1909                                  ATOH:
  1910 00000CE4 9F                      	LAHF
  1911 00000CE5 4B                      	DEC	BX			; ASCII number to DE binary
  1912 00000CE6 9E                      	SAHF
  1913                                  GETLN:
  1914 00000CE7 BA0000                  	MOV	DX,0			; Get number to DE
  1915                                  GTLNLP:
  1916 00000CEA E8E3FE                  	CALL	GETCHR			; Get next character
  1917 00000CED 7201                    	JC	GTLNLP1
  1918 00000CEF C3                      	RET				; Exit if not a digit
  1919                                  GTLNLP1:
  1920 00000CF0 53                      	PUSH	BX			; Save code string address
  1921 00000CF1 9F                      	LAHF
  1922 00000CF2 86E0                    	XCHG	AH,AL
  1923 00000CF4 50                      	PUSH	AX			; Save digit
  1924 00000CF5 86E0                    	XCHG	AH,AL
  1925 00000CF7 BB9819                  	MOV	BX,65529/10		; Largest number 65529
  1926 00000CFA E8AEFC                  	CALL	CPDEHL			; Number in range?
  1927 00000CFD 7303                    	JNC	GTLNLP2			; No - ?SN Error
  1928 00000CFF E903F9                  	JMP	SNERR
  1929                                  GTLNLP2:
  1930 00000D02 89D3                    	MOV	BX,DX			; HL = Number
  1931 00000D04 01D3                    	ADD	BX,DX			; Times 2
  1932 00000D06 01DB                    	ADD	BX,BX			; Times 4
  1933 00000D08 01D3                    	ADD	BX,DX			; Times 5
  1934 00000D0A 01DB                    	ADD	BX,BX			; Times 10
  1935 00000D0C 58                      	POP	AX			; Restore digit
  1936 00000D0D 86E0                    	XCHG	AH,AL
  1937 00000D0F 9E                      	SAHF
  1938 00000D10 2C30                    	SUB	AL,'0'			; Make it 0 to 9
  1939 00000D12 88C2                    	MOV	DL,AL			; DE = Value of digit
  1940 00000D14 B600                    	MOV	DH,0
  1941 00000D16 01D3                    	ADD	BX,DX			; Add to number
  1942 00000D18 87DA                    	XCHG	BX,DX			; Number to DE
  1943 00000D1A 5B                      	POP	BX			; Restore code string address
  1944 00000D1B EBCD                    	JMP	GTLNLP			; Go to next character
  1945                                  ;
  1946                                  CLEAR:
  1947 00000D1D 7503                    	JNZ	CLEAR1
  1948 00000D1F E97DFA                  	JMP	INTVAR			; Just "CLEAR" Keep parameters
  1949                                  CLEAR1:
  1950 00000D22 E898FF                  	CALL	POSINT			; Get integer 0 to 32767 to DE
  1951                                  ;	LAHF
  1952 00000D25 4B                      	DEC	BX			; Cancel increment
  1953                                  ;	SAHF
  1954 00000D26 E8A7FE                  	CALL	GETCHR			; Get next character
  1955 00000D29 53                      	PUSH	BX			; Save code string address
  1956 00000D2A 8B1EF940                	MOV	BX,[LSTRAM]		; Get end of RAM
  1957 00000D2E 7419                    	JZ	STORED			; No value given - Use stored
  1958 00000D30 5B                      	POP	BX			; Restore code string address
  1959 00000D31 E883FC                  	CALL	CHKSYN			; Check for comma
  1960 00000D34 2C                      	DB	','
  1961 00000D35 52                      	PUSH	DX			; Save number
  1962 00000D36 E884FF                  	CALL	POSINT			; Get integer 0 to 32767
  1963                                  ;	LAHF
  1964 00000D39 4B                      	DEC	BX			; Cancel increment
  1965                                  ;	SAHF
  1966 00000D3A E893FE                  	CALL	GETCHR			; Get next character
  1967 00000D3D 7403                    	JZ	CLEAR2
  1968 00000D3F E9C3F8                  	JMP	SNERR			; ?SN Error if more on line
  1969                                  CLEAR2:
  1970 00000D42 89E5                    	MOV	BP,SP
  1971 00000D44 875E00                  	XCHG	[BP],BX			; Save code string address
  1972 00000D47 87DA                    	XCHG	BX,DX			; Number to DE
  1973                                  STORED:
  1974 00000D49 88D8                    	MOV	AL,BL			; Get LSB of new RAM top
  1975 00000D4B 28D0                    	SUB	AL,DL			; Subtract LSB of string space
  1976 00000D4D 88C2                    	MOV	DL,AL			; Save LSB
  1977 00000D4F 88F8                    	MOV	AL,BH			; Get MSB of new RAM top
  1978 00000D51 18F0                    	SBB	AL,DH			; Subtract MSB of string space
  1979 00000D53 88C6                    	MOV	DH,AL			; Save MSB
  1980 00000D55 7303                    	JNC	STORED1
  1981 00000D57 E99FF8                  	JMP	OMERR			; ?OM Error if not enough mem
  1982                                  STORED1:
  1983 00000D5A 53                      	PUSH	BX			; Save RAM top
  1984 00000D5B 8B1E2041                	MOV	BX,[PROGND]		; Get program end
  1985 00000D5F B92800                  	MOV	CX,40			; 40 Bytes minimum working RAM
  1986 00000D62 01CB                    	ADD	BX,CX			; Get lowest address
  1987 00000D64 E844FC                  	CALL	CPDEHL			; Enough memory?
  1988 00000D67 7203                    	JC	STORED2
  1989 00000D69 E98DF8                  	JMP	OMERR			; No - ?OM Error
  1990                                  STORED2:
  1991 00000D6C 87DA                    	XCHG	BX,DX			; RAM top to HL
  1992 00000D6E 891EA440                	MOV	[STRSPC],BX		; Set new string space
  1993 00000D72 5B                      	POP	BX			; End of memory to use
  1994 00000D73 891EF940                	MOV	[LSTRAM],BX		; Set new top of RAM
  1995 00000D77 5B                      	POP	BX			; Restore code string address
  1996 00000D78 E924FA                  	JMP	INTVAR			; Initialise variables
  1997                                  ;
  1998                                  RUN:
  1999 00000D7B 7503                    	JNZ	RUN1
  2000 00000D7D E918FA                  	JMP	RUNFST			; RUN from start if just RUN
  2001                                  RUN1:
  2002 00000D80 E81CFA                  	CALL	INTVAR			; Initialise variables
  2003 00000D83 B9[6C0B]                	MOV	CX,RUNCNT		; Execution driver loop
  2004 00000D86 EB1A                    	JMP	RUNLIN			; RUN from line number
  2005                                  ;
  2006                                  GOSUB:
  2007 00000D88 B103                    	MOV	CL,3			; 3 Levels of stack needed
  2008 00000D8A E84AF8                  	CALL	CHKSTK			; Check for 3 levels of stack
  2009 00000D8D 59                      	POP	CX			; Get return address
  2010 00000D8E 53                      	PUSH	BX			; Save code string for RETURN
  2011 00000D8F 53                      	PUSH	BX			; And for GOSUB routine
  2012 00000D90 8B1EA640                	MOV	BX,[LINEAT]		; Get current line
  2013 00000D94 89E5                    	MOV	BP,SP
  2014 00000D96 875E00                  	XCHG	[BP],BX			; Into stack - Code string out
  2015 00000D99 B08C                    	MOV	AL,ZGOSUB		; "GOSUB" token
  2016 00000D9B 9F                      	LAHF
  2017 00000D9C 86E0                    	XCHG	AH,AL
  2018 00000D9E 50                      	PUSH	AX			; Save token
  2019 00000D9F 86E0                    	XCHG	AH,AL
  2020 00000DA1 44                      	INC	SP			; Don't save flags
  2021                                  ;
  2022                                  RUNLIN:
  2023 00000DA2 51                      	PUSH	CX			; Save return address
  2024                                  GOTO:
  2025 00000DA3 E83EFF                  	CALL	ATOH			; ASCII number to DE binary
  2026 00000DA6 E85D00                  	CALL	REM			; Get end of line
  2027 00000DA9 53                      	PUSH	BX			; Save end of line
  2028 00000DAA 8B1EA640                	MOV	BX,[LINEAT]		; Get current line
  2029 00000DAE E8FAFB                  	CALL	CPDEHL			; Line after current?
  2030 00000DB1 5B                      	POP	BX			; Restore end of line
  2031 00000DB2 9F                      	LAHF
  2032 00000DB3 43                      	INC	BX			; Start of next line
  2033 00000DB4 9E                      	SAHF
  2034 00000DB5 7303                    	JNC	GOTO1
  2035 00000DB7 E899F9                  	CALL	SRCHLP			; Line is after current line
  2036                                  GOTO1:
  2037 00000DBA 7203                    	JC	GOTO2
  2038 00000DBC E890F9                  	CALL	SRCHLN			; Line is before current line
  2039                                  GOTO2:
  2040 00000DBF 89CB                    	MOV	BX,CX			; Set up code string address
  2041 00000DC1 9F                      	LAHF
  2042 00000DC2 4B                      	DEC	BX			; Incremented after
  2043 00000DC3 9E                      	SAHF
  2044 00000DC4 7301                    	JNC	ULERR
  2045 00000DC6 C3                      	RET				; Line found
  2046                                  ULERR:
  2047 00000DC7 B20E                    	MOV	DL,UL			; ?UL Error
  2048 00000DC9 E953F8                  	JMP	ERROR			; Output error message
  2049                                  ;
  2050                                  RETURN:
  2051 00000DCC 7401                    	JZ	RETURN1
  2052 00000DCE C3                      	RET				; Return if not just RETURN
  2053                                  RETURN1:
  2054 00000DCF B6FF                    	MOV	DH,-1			; Flag "GOSUB" search
  2055 00000DD1 E8B9F7                  	CALL	BAKSTK			; Look "GOSUB" block
  2056 00000DD4 89DC                    	MOV	SP,BX			; Kill all FORs in subroutine
  2057 00000DD6 3C8C                    	CMP	AL,ZGOSUB		; Test for "GOSUB" token
  2058 00000DD8 B204                    	MOV	DL,RG			; ?RG Error
  2059 00000DDA 7403                    	JZ	RETURN2
  2060 00000DDC E940F8                  	JMP	ERROR			; Error if no "GOSUB" found
  2061                                  RETURN2:
  2062 00000DDF 5B                      	POP	BX			; Get RETURN line number
  2063 00000DE0 891EA640                	MOV	[LINEAT],BX		; Save as current
  2064 00000DE4 9F                      	LAHF
  2065 00000DE5 43                      	INC	BX			; Was it from direct statement?
  2066 00000DE6 9E                      	SAHF
  2067 00000DE7 88F8                    	MOV	AL,BH
  2068 00000DE9 08D8                    	OR	AL,BL			; Return to line
  2069 00000DEB 750A                    	JNZ	RETLIN			; No - Return to line
  2070 00000DED A01641                  	MOV	AL,[LSTBIN]		; Any INPUT in subroutine?
  2071 00000DF0 08C0                    	OR	AL,AL			; If so buffer is corrupted
  2072 00000DF2 7403                    	JZ	RETLIN
  2073 00000DF4 E96AF8                  	JMP	POPNOK			; Yes - Go to command mode
  2074                                  RETLIN:
  2075 00000DF7 BB[6C0B]                	MOV	BX,RUNCNT		; Execution driver loop
  2076 00000DFA 89E5                    	MOV	BP,SP
  2077 00000DFC 875E00                  	XCHG	[BP],BX			; Into stack - Code string out
  2078 00000DFF EB01                    	JMP	DATA			; Skip "POP BX"
  2079                                  NXTDTA:
  2080 00000E01 5B                      	POP	BX			; Restore code string address
  2081                                  ;
  2082                                  DATA:
  2083 00000E02 B13A                    	MOV	CL,':'			; ":" End of statemen
  2084 00000E04 EB02                    	JMP	REM1
  2085                                  REM:
  2086 00000E06 B100                    	MOV	CL,0			; 00 End of statemen
  2087                                  REM1:
  2088 00000E08 B500                    	MOV	CH,0
  2089                                  NXTSTL:
  2090 00000E0A 88C8                    	MOV	AL,CL			; Statement and byte
  2091 00000E0C 88E9                    	MOV	CL,CH
  2092 00000E0E 88C5                    	MOV	CH,AL			; Statement end byte
  2093                                  NXTSTT:
  2094 00000E10 8A07                    	MOV	AL,[BX]			; Get byte
  2095 00000E12 08C0                    	OR	AL,AL			; End of line?
  2096 00000E14 7501                    	JNZ	NXTSTT1
  2097 00000E16 C3                      	RET				; Yes - Exit
  2098                                  NXTSTT1:
  2099 00000E17 38E8                    	CMP	AL,CH			; End of statement?
  2100 00000E19 7501                    	JNZ	NXTSTT2
  2101 00000E1B C3                      	RET				; Yes - Exit
  2102                                  NXTSTT2:
  2103 00000E1C 9F                      	LAHF
  2104 00000E1D 43                      	INC	BX
  2105 00000E1E 9E                      	SAHF				; Next byte
  2106 00000E1F 3C22                    	CMP	AL,'"'			; Literal string?
  2107 00000E21 74E7                    	JZ	NXTSTL			; Yes - Look for another '"'
  2108 00000E23 EBEB                    	JMP	NXTSTT			; Keep looking
  2109                                  ;
  2110                                  LET:
  2111 00000E25 E84C06                  	CALL	GETVAR			; Get variable name
  2112 00000E28 E88CFB                  	CALL	CHKSYN			; Make sure "=" follows
  2113 00000E2B B4                      	DB	ZEQUAL			; "=" token
  2114 00000E2C 52                      	PUSH	DX			; Save address of variable
  2115 00000E2D A0F740                  	MOV	AL,[TYPE]		; Get data type
  2116 00000E30 9F                      	LAHF
  2117 00000E31 86E0                    	XCHG	AH,AL
  2118 00000E33 50                      	PUSH	AX			; Save type
  2119 00000E34 86E0                    	XCHG	AH,AL
  2120 00000E36 E88003                  	CALL	EVAL			; Evaluate expression
  2121 00000E39 58                      	POP	AX			; Restore type
  2122 00000E3A 86E0                    	XCHG	AH,AL
  2123 00000E3C 9E                      	SAHF
  2124 00000E3D 89E5                    	MOV	BP,SP
  2125 00000E3F 875E00                  	XCHG	[BP],BX			; Save code - Get var addr
  2126 00000E42 891E1841                	MOV	[BRKLIN],BX		; Save address of variable
  2127 00000E46 D0D8                    	RCR	AL,1			; Adjust type
  2128 00000E48 E85D03                  	CALL	CHKTYP			; Check types are the same
  2129 00000E4B 743C                    	JZ	LETNUM			; Numeric - Move value
  2130                                  LETSTR:
  2131 00000E4D 53                      	PUSH	BX			; Save address of string var
  2132 00000E4E 8B1E2E41                	MOV	BX,[FPREG]		; Pointer to string entry
  2133 00000E52 53                      	PUSH	BX			; Save it on stack
  2134                                  ;	LAHF
  2135 00000E53 43                      	INC	BX			; Skip over length
  2136                                  ;	SAHF
  2137                                  ;	LAHF
  2138 00000E54 43                      	INC	BX
  2139                                  ;	SAHF
  2140 00000E55 8A17                    	MOV	DL,[BX]			; LSB of string address
  2141                                  ;	LAHF
  2142 00000E57 43                      	INC	BX
  2143                                  ;	SAHF
  2144 00000E58 8A37                    	MOV	DH,[BX]			; MSB of string address
  2145 00000E5A 8B1EA840                	MOV	BX,[BASTXT]		; Point to start of program
  2146 00000E5E E84AFB                  	CALL	CPDEHL			; Is string before program?
  2147 00000E61 7314                    	JNC	CRESTR			; Yes - Create string entry
  2148 00000E63 8B1EA440                	MOV	BX,[STRSPC]		; Point to string space
  2149 00000E67 E841FB                  	CALL	CPDEHL			; Is string literal in program?
  2150 00000E6A 5A                      	POP	DX			; Restore address of string
  2151 00000E6B 7313                    	JNC	MVSTPT			; Yes - Set up pointer
  2152 00000E6D BB0941                  	MOV	BX,TMPSTR		; Temporary string pool
  2153 00000E70 E838FB                  	CALL	CPDEHL			; Is string in temporary pool?
  2154 00000E73 730B                    	JNC	MVSTPT			; No - Set up pointer
  2155 00000E75 EB01                    	JMP	CRESTR1			; Skip "POP DX"
  2156                                  CRESTR:
  2157 00000E77 5A                      	POP	DX			; Restore address of string
  2158                                  CRESTR1:
  2159 00000E78 E8300C                  	CALL	BAKTMP			; Back to last tmp-str entry
  2160 00000E7B 87DA                    	XCHG	BX,DX			; Address of string entry
  2161 00000E7D E88909                  	CALL	SAVSTR			; Save string in string area
  2162                                  MVSTPT:
  2163 00000E80 E8280C                  	CALL	BAKTMP			; Back to last tmp-str entry
  2164 00000E83 5B                      	POP	BX			; Get string pointer
  2165 00000E84 E8AE11                  	CALL	DETHL4			; Move string pointer to var
  2166 00000E87 5B                      	POP	BX			; Restore code string adress
  2167 00000E88 C3                      	RET
  2168                                  ;
  2169                                  LETNUM:
  2170 00000E89 53                      	PUSH	BX			; Save address of variable
  2171 00000E8A E8A511                  	CALL	FPTHL			; Move value to variable
  2172 00000E8D 5A                      	POP	DX			; Restore address of variable
  2173 00000E8E 5B                      	POP	BX			; Restore code string address
  2174 00000E8F C3                      	RET
  2175                                  ;
  2176                                  ON:
  2177 00000E90 E8910D                  	CALL	GETINT			; Get integer 0-255
  2178 00000E93 8A07                    	MOV	AL,[BX]			; Get "GOTO" or "GOSUB" token
  2179 00000E95 88C5                    	MOV	CH,AL			; Save in B
  2180 00000E97 3C8C                    	CMP	AL,ZGOSUB		; "GOSUB" token?
  2181 00000E99 7407                    	JZ	ONGO			; Yes - Find line numbe
  2182 00000E9B E819FB                  	CALL	CHKSYN			; Make sure it's "GOTO"
  2183 00000E9E 88                      	DB	ZGOTO			; "GOTO" token
  2184 00000E9F 9F                      	LAHF
  2185 00000EA0 4B                      	DEC	BX			; Cancel increment
  2186 00000EA1 9E                      	SAHF
  2187                                  ONGO:
  2188 00000EA2 88D1                    	MOV	CL,DL			; Integer of branch value
  2189                                  ONGOLP:
  2190 00000EA4 FEC9                    	DEC	CL			; Count branches
  2191 00000EA6 88E8                    	MOV	AL,CH			; Get "GOTO" or "GOSUB" token
  2192 00000EA8 7503                    	JNZ	ONGOLP1
  2193 00000EAA E9FEFC                  	JMP	ONJMP			; Go to that line if right one
  2194                                  ONGOLP1:
  2195 00000EAD E837FE                  	CALL	GETLN			; Get line number to DE
  2196 00000EB0 3C2C                    	CMP	AL,','			; Another line number?
  2197 00000EB2 74F0                    	JZ	ONGOLP
  2198 00000EB4 C3                      	RET				; No - Drop through
  2199 00000EB5 EBED                    	JMP	ONGOLP			; Yes - loop
  2200                                  ;
  2201                                  IF:
  2202 00000EB7 E8FF02                  	CALL	EVAL			; Evaluate expression
  2203 00000EBA 8A07                    	MOV	AL,[BX]			; Get token
  2204 00000EBC 3C88                    	CMP	AL,ZGOTO		; "GOTO" token?
  2205 00000EBE 7407                    	JZ	IFGO			; Yes - Get line
  2206 00000EC0 E8F4FA                  	CALL	CHKSYN			; Make sure it's "THEN"
  2207 00000EC3 A9                      	DB	ZTHEN			; "THEN" token
  2208 00000EC4 9F                      	LAHF
  2209 00000EC5 4B                      	DEC	BX			; Cancel increment
  2210 00000EC6 9E                      	SAHF
  2211                                  IFGO:
  2212 00000EC7 E8D902                  	CALL	TSTNUM			; Make sure it's numeric
  2213 00000ECA E8E110                  	CALL	TSTSGN			; Test state of expression
  2214 00000ECD 7503                    	JNZ	IFGO1
  2215 00000ECF E934FF                  	JMP	REM			; False - Drop through
  2216                                  IFGO1:
  2217 00000ED2 E8FBFC                  	CALL	GETCHR			; Get next character
  2218 00000ED5 7303                    	JNC	IFGO2
  2219 00000ED7 E9C9FE                  	JMP	GOTO			; Number - GOTO that line
  2220                                  IFGO2:
  2221 00000EDA E9CBFC                  	JMP	IFJMP			; Otherwise do statemen
  2222                                  ;
  2223                                  MRPRNT:
  2224                                  ;	LAHF
  2225 00000EDD 4B                      	DEC	BX			; DEC 'cos GETCHR INCs
  2226                                  ;	SAHF
  2227 00000EDE E8EFFC                  	CALL	GETCHR			; Get next character
  2228                                  PRINT:
  2229 00000EE1 7473                    	JZ	PRCRLF			; CRLF if just PRINT
  2230                                  PRNTLP:
  2231 00000EE3 7501                    	JNZ	PRNTLP1
  2232 00000EE5 C3                      	RET				; End of list - Exit
  2233                                  PRNTLP1:
  2234 00000EE6 3CA5                    	CMP	AL,ZTAB			; "TAB(" token?
  2235 00000EE8 7503                    	JNZ	PRNTLP2
  2236 00000EEA E9AA00                  	JMP	DOTAB			; Yes - Do TAB routine
  2237                                  PRNTLP2:
  2238 00000EED 3CA8                    	CMP	AL,ZSPC			; "SPC(" token?
  2239 00000EEF 7503                    	JNZ	PRNTLP3
  2240 00000EF1 E9A300                  	JMP	DOTAB			; Yes - Do SPC routine
  2241                                  PRNTLP3:
  2242 00000EF4 53                      	PUSH	BX			; Save code string address
  2243 00000EF5 3C2C                    	CMP	AL,','			; Comma?
  2244 00000EF7 7503                    	JNZ	PRNTLP4
  2245 00000EF9 E98200                  	JMP	DOCOM			; Yes - Move to next zone
  2246                                  PRNTLP4:
  2247 00000EFC 3C3B                    	CMP	AL,';'			; Semi-colon?
  2248 00000EFE 7503                    	JNZ	PRNTLP5
  2249 00000F00 E9C300                  	JMP	NEXITM			; Do semi-colon routine
  2250                                  PRNTLP5:
  2251 00000F03 59                      	POP	CX			; Code string address to BC
  2252 00000F04 E8B202                  	CALL	EVAL			; Evaluate expression
  2253 00000F07 53                      	PUSH	BX			; Save code string address
  2254 00000F08 A0F740                  	MOV	AL,[TYPE]		; Get variable type
  2255 00000F0B 08C0                    	OR	AL,AL			; Is it a string variable?
  2256 00000F0D 7531                    	JNZ	PRNTST			; Yes - Output string contents
  2257 00000F0F E80E13                  	CALL	NUMASC			; Convert number to text
  2258 00000F12 E82B09                  	CALL	CRTST			; Create temporary strig
  2259 00000F15 C60720                  	MOV	BYTE [BX],' '	; Followed by a space
  2260 00000F18 8B1E2E41                	MOV	BX,[FPREG]		; Get length of output
  2261 00000F1C FE07                    	INC	BYTE [BX]		; Plus 1 for the space
  2262 00000F1E 8B1E2E41                	MOV	BX,[FPREG]		; < Not needed >
  2263 00000F22 A08C40                  	MOV	AL,[LWIDTH]		; Get width of line
  2264 00000F25 88C5                    	MOV	CH,AL			; To B
  2265 00000F27 FEC5                    	INC	CH			; Width 255 (No limit)?
  2266 00000F29 7410                    	JZ	PRNTNB			; Yes - Output number string
  2267 00000F2B FEC5                    	INC	CH			; Adjust it
  2268 00000F2D A0F540                  	MOV	AL,[CURPOS]		; Get cursor position
  2269 00000F30 0207                    	ADD	AL,[BX]			; Add length of string
  2270 00000F32 FEC8                    	DEC	AL			; Adjust it
  2271 00000F34 38E8                    	CMP	AL,CH			; Will output fit on this line?
  2272 00000F36 7203                    	JC	PRNTNB
  2273 00000F38 E81B00                  	CALL	PRCRLF			; No - CRLF first
  2274                                  PRNTNB:
  2275 00000F3B E86009                  	CALL	PRS1			; Output string at (HL)
  2276 00000F3E 30C0                    	XOR	AL,AL			; Skip CALL by setting address
  2277                                  PRNTST:
  2278 00000F40 7403                    	JZ	PRNTST1
  2279 00000F42 E85909                  	CALL	PRS1			; Output string at (HL)
  2280                                  PRNTST1:
  2281 00000F45 5B                      	POP	BX			; Restore code string address
  2282 00000F46 EB95                    	JMP	MRPRNT			; See if more to PRINT
  2283                                  ;
  2284                                  STTLIN:
  2285 00000F48 A0F540                  	MOV	AL,[CURPOS]		; Make sure on new line
  2286 00000F4B 08C0                    	OR	AL,AL			; Already at start?
  2287 00000F4D 7507                    	JNZ	PRCRLF			; Start a new line
  2288 00000F4F C3                      	RET				; Yes - Do nothing
  2289                                  ;	JMP	PRCRLF			; Start a new line
  2290                                  ;
  2291                                  ENDINP:
  2292 00000F50 C60700                  	MOV	BYTE [BX],0		; Mark end of buffer
  2293 00000F53 BBAA40                  	MOV	BX,BUFFER-1		; Point to buffer
  2294                                  PRCRLF:
  2295 00000F56 B00D                    	MOV	AL,CR			; Load a CR
  2296 00000F58 E875FA                  	CALL	OUTC			; Output character
  2297 00000F5B B00A                    	MOV	AL,LF			; Load a LF
  2298 00000F5D E870FA                  	CALL	OUTC			; Output character
  2299                                  DONULL:
  2300 00000F60 30C0                    	XOR	AL,AL			; Set to position 0
  2301 00000F62 A2F540                  	MOV	[CURPOS],AL		; Store it
  2302 00000F65 A08B40                  	MOV	AL,[NULLS]		; Get number of nulls
  2303                                  NULLP:
  2304 00000F68 FEC8                    	DEC	AL			; Count them
  2305 00000F6A 7501                    	JNZ	NULLP1
  2306 00000F6C C3                      	RET				; Return if done
  2307                                  NULLP1:
  2308 00000F6D 9F                      	LAHF
  2309 00000F6E 86E0                    	XCHG	AH,AL
  2310 00000F70 50                      	PUSH	AX			; Save count
  2311 00000F71 86E0                    	XCHG	AH,AL
  2312 00000F73 30C0                    	XOR	AL,AL			; Load a null
  2313 00000F75 E858FA                  	CALL	OUTC			; Output it
  2314 00000F78 58                      	POP	AX			; Restore count
  2315 00000F79 86E0                    	XCHG	AH,AL
  2316 00000F7B 9E                      	SAHF
  2317 00000F7C EBEA                    	JMP	NULLP			; Keep counting
  2318                                  ;
  2319                                  DOCOM:
  2320 00000F7E A08D40                  	MOV	AL,[COMMAN]		; Get comma width
  2321 00000F81 88C5                    	MOV	CH,AL			; Save in B
  2322 00000F83 A0F540                  	MOV	AL,[CURPOS]		; Get current position
  2323 00000F86 38E8                    	CMP	AL,CH			; Within the limit?
  2324 00000F88 7203                    	JC	DOCOM1
  2325 00000F8A E8C9FF                  	CALL	PRCRLF			; No - output CRLF
  2326                                  DOCOM1:
  2327 00000F8D 7337                    	JNC	NEXITM			; Get next item
  2328                                  ZONELP:
  2329 00000F8F 2C0E                    	SUB	AL,14			; Next zone of 14 characters
  2330 00000F91 73FC                    	JNC	ZONELP			; Repeat if more zones
  2331 00000F93 F6D0                    	NOT	AL			; Number of spaces to output
  2332 00000F95 EB22                    	JMP	ASPCS			; Output them
  2333                                  ;
  2334                                  DOTAB:
  2335 00000F97 9F                      	LAHF
  2336 00000F98 86E0                    	XCHG	AH,AL
  2337 00000F9A 50                      	PUSH	AX			; Save token
  2338 00000F9B 86E0                    	XCHG	AH,AL
  2339 00000F9D E8810C                  	CALL	FNDNUM			; Evaluate expression
  2340 00000FA0 E814FA                  	CALL	CHKSYN			; Make sure ")" follows
  2341 00000FA3 29                      	DB	")"
  2342 00000FA4 9F                      	LAHF
  2343 00000FA5 4B                      	DEC	BX			; Back space on to ")"
  2344 00000FA6 9E                      	SAHF
  2345 00000FA7 58                      	POP	AX			; Restore token
  2346 00000FA8 86E0                    	XCHG	AH,AL
  2347 00000FAA 9E                      	SAHF
  2348 00000FAB 2CA8                    	SUB	AL,ZSPC			; Was it "SPC(" ?
  2349 00000FAD 53                      	PUSH	BX			; Save code string address
  2350 00000FAE 7403                    	JZ	DOSPC			; Yes - Do 'E' spaces
  2351 00000FB0 A0F540                  	MOV	AL,[CURPOS]		; Get current position
  2352                                  DOSPC:
  2353 00000FB3 F6D0                    	NOT	AL			; Number of spaces to print to
  2354 00000FB5 00D0                    	ADD	AL,DL			; Total number to print
  2355 00000FB7 730D                    	JNC	NEXITM			; TAB < Current POS(X)
  2356                                  ASPCS:
  2357 00000FB9 FEC0                    	INC	AL			; Output A spaces
  2358 00000FBB 88C5                    	MOV	CH,AL			; Save number to print
  2359 00000FBD B020                    	MOV	AL,' '			; Space
  2360                                  SPCLP:
  2361 00000FBF E80EFA                  	CALL	OUTC			; Output character in A
  2362 00000FC2 FECD                    	DEC	CH			; Count them
  2363 00000FC4 75F9                    	JNZ	SPCLP			; Repeat if more
  2364                                  NEXITM:
  2365 00000FC6 5B                      	POP	BX			; Restore code string address
  2366 00000FC7 E806FC                  	CALL	GETCHR			; Get next character
  2367 00000FCA E916FF                  	JMP	PRNTLP			; More to print
  2368                                  ;
  2369                                  REDO:
  2370 00000FCD 3F5265646F2066726F-     	DB	"?Redo from start",CR,LF,0
  2370 00000FD6 6D2073746172740D0A-
  2370 00000FDF 00                 
  2371                                  
  2372                                  ;
  2373                                  BADINP:
  2374 00000FE0 A01741                  	MOV	AL,[READFG]		; READ or INPUT?
  2375 00000FE3 08C0                    	OR	AL,AL
  2376 00000FE5 7403                    	JZ	BADINP1			; READ - ?SN Error
  2377 00000FE7 E913F6                  	JMP	DATSNR
  2378                                  BADINP1:
  2379 00000FEA 59                      	POP	CX			; Throw away code string addr
  2380 00000FEB BB[CD0F]                	MOV	BX,REDO			; "Redo from start" message
  2381 00000FEE E8AA08                  	CALL	PRS			; Output string
  2382 00000FF1 E9E3F7                  	JMP	DOAGN			; Do last INPUT again
  2383                                  ;
  2384                                  INPUT:
  2385 00000FF4 E8DA07                  	CALL	IDTEST			; Test for illegal direct
  2386 00000FF7 8A07                    	MOV	AL,[BX]			; Get character after "INPUT"
  2387 00000FF9 3C22                    	CMP	AL,'"'			; Is there a prompt string?
  2388 00000FFB B000                    	MOV	AL,0			; Clear A and leave flags
  2389 00000FFD A28F40                  	MOV	[CTLOFG],AL		; Enable output
  2390 00001000 750D                    	JNZ	NOPMPT			; No prompt - get input
  2391 00001002 E83E08                  	CALL	QTSTR			; Get string terminated by '"'
  2392 00001005 E8AFF9                  	CALL	CHKSYN			; Check for ';' after prompt
  2393 00001008 3B                      	DB	';'
  2394 00001009 53                      	PUSH	BX			; Save code string address
  2395 0000100A E89108                  	CALL	PRS1			; Output prompt string
  2396 0000100D EB01                    	JMP	NOPMPT1			; Skip "PUSH BX"
  2397                                  NOPMPT:
  2398 0000100F 53                      	PUSH	BX			; Save code string addr
  2399                                  NOPMPT1:
  2400 00001010 E8C9F7                  	CALL	PROMPT			; Get input with "? " prompt
  2401 00001013 59                      	POP	CX			; Restore code string address
  2402 00001014 7303                    	JNC	NOPMPT2
  2403 00001016 E927FC                  	JMP	INPBRK			; Break pressed - Exit
  2404                                  NOPMPT2:
  2405 00001019 9F                      	LAHF
  2406 0000101A 43                      	INC	BX			; Next byte
  2407 0000101B 9E                      	SAHF
  2408 0000101C 8A07                    	MOV	AL,[BX]			; Get it
  2409 0000101E 08C0                    	OR	AL,AL			; End of line?
  2410 00001020 9F                      	LAHF
  2411 00001021 4B                      	DEC	BX			; Back again
  2412 00001022 9E                      	SAHF
  2413 00001023 51                      	PUSH	CX			; Re-save code string address
  2414 00001024 7503                    	JNZ	NOPMPT3			; Yes - Find next DATA stmt
  2415 00001026 E9D8FD                  	JMP	NXTDTA
  2416                                  NOPMPT3:
  2417 00001029 C6072C                  	MOV	BYTE [BX],','	; Store comma as separator
  2418 0000102C EB09                    	JMP	NXTITM			; Get next item
  2419                                  ;
  2420                                  READ:
  2421 0000102E 53                      	PUSH	BX			; Save code string address
  2422 0000102F 8B1E2641                	MOV	BX,[NXTDAT]		; Next DATA statement
  2423 00001033 0CAF                    	OR	AL,0AFH			; Flag "READ"
  2424 00001035 EB02                    	JMP	NXTITM1
  2425                                  NXTITM:
  2426 00001037 30C0                    	XOR	AL,AL			; Flag "INPUT"
  2427                                  NXTITM1:
  2428 00001039 A21741                  	MOV	[READFG],AL		; Save "READ"/"INPUT" flag
  2429 0000103C 89E5                    	MOV	BP,SP
  2430 0000103E 875E00                  	XCHG	[BP],BX			; Get code str' , Save pointer
  2431 00001041 EB04                    	JMP	GTVLUS			; Get values
  2432                                  ;
  2433                                  NEDMOR:
  2434 00001043 E871F9                  	CALL	CHKSYN			; Check for comma between items
  2435 00001046 2C                      	DB	','
  2436                                  GTVLUS:
  2437 00001047 E82A04                  	CALL	GETVAR			; Get variable name
  2438 0000104A 89E5                    	MOV	BP,SP
  2439 0000104C 875E00                  	XCHG	[BP],BX			; Save code str" , Get pointer
  2440 0000104F 52                      	PUSH	DX			; Save variable address
  2441 00001050 8A07                    	MOV	AL,[BX]			; Get next "INPUT"/"DATA" byte
  2442 00001052 3C2C                    	CMP	AL,','			; Comma?
  2443 00001054 742A                    	JZ	ANTVLU			; Yes - Get another value
  2444 00001056 A01741                  	MOV	AL,[READFG]		; Is it READ?
  2445 00001059 08C0                    	OR	AL,AL
  2446 0000105B 7403                    	JZ	GTVLUS1			; Yes - Find next DATA stmt
  2447 0000105D E9A800                  	JMP	FDTLP
  2448                                  GTVLUS1:
  2449 00001060 B03F                    	MOV	AL,'?'			; More INPUT needed
  2450 00001062 E86BF9                  	CALL	OUTC			; Output character
  2451 00001065 E874F7                  	CALL	PROMPT			; Get INPUT with prompt
  2452 00001068 5A                      	POP	DX			; Variable address
  2453 00001069 59                      	POP	CX			; Code string address
  2454 0000106A 7303                    	JNC	GTVLUS2
  2455 0000106C E9D1FB                  	JMP	INPBRK			; Break pressed
  2456                                  GTVLUS2:
  2457 0000106F 9F                      	LAHF
  2458 00001070 43                      	INC	BX			; Point to next DATA byte
  2459 00001071 9E                      	SAHF
  2460 00001072 8A07                    	MOV	AL,[BX]			; Get byte
  2461 00001074 08C0                    	OR	AL,AL			; Is it zero (No input) ?
  2462 00001076 9F                      	LAHF
  2463 00001077 4B                      	DEC	BX			; Back space INPUT pointer
  2464 00001078 9E                      	SAHF
  2465 00001079 51                      	PUSH	CX			; Save code string address
  2466 0000107A 7503                    	JNZ	GTVLUS3			; Find end of buffer
  2467 0000107C E982FD                  	JMP	NXTDTA
  2468                                  GTVLUS3:
  2469 0000107F 52                      	PUSH	DX			; Save variable address
  2470                                  ANTVLU:
  2471 00001080 A0F740                  	MOV	AL,[TYPE]		; Check data type
  2472 00001083 08C0                    	OR	AL,AL			; Is it numeric?
  2473 00001085 742C                    	JZ	INPBIN			; Yes - Convert to binary
  2474 00001087 E846FB                  	CALL	GETCHR			; Get next character
  2475 0000108A 88C6                    	MOV	DH,AL			; Save input character
  2476 0000108C 88C5                    	MOV	CH,AL			; Again
  2477 0000108E 3C22                    	CMP	AL,'"'			; Start of literal sting?
  2478 00001090 7410                    	JZ	STRENT			; Yes - Create string entry
  2479 00001092 A01741                  	MOV	AL,[READFG]		; "READ" or "INPUT" ?
  2480 00001095 08C0                    	OR	AL,AL
  2481 00001097 88C6                    	MOV	DH,AL			; Save 00 if "INPUT"
  2482 00001099 7402                    	JZ	ITMSEP			; "INPUT" - End with 00
  2483 0000109B B63A                    	MOV	DH,':'			; "DATA" - End with 00 or ":"
  2484                                  ITMSEP:
  2485 0000109D B52C                    	MOV	CH,','			; Item separator
  2486 0000109F 9F                      	LAHF
  2487 000010A0 4B                      	DEC	BX			; Back space for DTSTR
  2488 000010A1 9E                      	SAHF
  2489                                  STRENT:
  2490 000010A2 E8A207                  	CALL	DTSTR			; Get string terminated by D
  2491 000010A5 87DA                    	XCHG	BX,DX			; String address to DE
  2492 000010A7 BB[C210]                	MOV	BX,LTSTND		; Where to go after LETSTR
  2493 000010AA 89E5                    	MOV	BP,SP
  2494 000010AC 875E00                  	XCHG	[BP],BX			; Save HL , get input ppinter
  2495 000010AF 52                      	PUSH	DX			; Save address of string
  2496 000010B0 E99AFD                  	JMP	LETSTR			; Assign string to variable
  2497                                  ;
  2498                                  INPBIN:
  2499 000010B3 E81AFB                  	CALL	GETCHR			; Get next character
  2500 000010B6 E89610                  	CALL	ASCTFP			; Convert ASCII to FP number
  2501 000010B9 89E5                    	MOV	BP,SP
  2502 000010BB 875E00                  	XCHG	[BP],BX			; Save input ptr, Get var addr
  2503 000010BE E8710F                  	CALL	FPTHL			; Move FPREG to variable
  2504 000010C1 5B                      	POP	BX			; Restore input pointer
  2505                                  LTSTND:
  2506                                  ;	LAHF
  2507 000010C2 4B                      	DEC	BX			; DEC 'cos GETCHR INCs
  2508                                  ;	SAHF
  2509 000010C3 E80AFB                  	CALL	GETCHR			; Get next character
  2510 000010C6 7407                    	JZ	MORDT			; End of line - More needed?
  2511 000010C8 3C2C                    	CMP	AL,','			; Another value?
  2512 000010CA 7403                    	JZ	MORDT			; No - Bad input
  2513 000010CC E911FF                  	JMP	BADINP
  2514                                  MORDT:
  2515 000010CF 89E5                    	MOV	BP,SP
  2516 000010D1 875E00                  	XCHG	[BP],BX			; Get code string address
  2517                                  ;	LAHF
  2518 000010D4 4B                      	DEC	BX			; DEC 'cos GETCHR INCs
  2519                                  ;	SAHF
  2520 000010D5 E8F8FA                  	CALL	GETCHR			; Get next character
  2521 000010D8 7403                    	JZ	MORDT1			; More needed - Get it
  2522 000010DA E966FF                  	JMP	NEDMOR
  2523                                  MORDT1:
  2524 000010DD 5A                      	POP	DX			; Restore DATA pointer
  2525 000010DE A01741                  	MOV	AL,[READFG]		; "READ" or "INPUT" ?
  2526 000010E1 08C0                    	OR	AL,AL
  2527 000010E3 87DA                    	XCHG	BX,DX			; DATA pointer to HL
  2528 000010E5 7403                    	JZ	MORDT2
  2529 000010E7 E916FB                  	JMP	UPDATA			; Update DATA pointer if "READ"
  2530                                  MORDT2:
  2531 000010EA 52                      	PUSH	DX			; Save code string address
  2532 000010EB 0A07                    	OR	AL,[BX]			; More input given?
  2533 000010ED BB[F710]                	MOV	BX,EXTIG		; "?Extra ignored" message
  2534 000010F0 7403                    	JZ	MORDT3
  2535 000010F2 E8A607                  	CALL	PRS			; Output string if extra given
  2536                                  MORDT3:
  2537 000010F5 5B                      	POP	BX			; Restore code string address
  2538 000010F6 C3                      	RET
  2539                                  ;
  2540                                  EXTIG:
  2541 000010F7 3F4578747261206967-     	DB	"?Extra ignored",CR,LF,0
  2541 00001100 6E6F7265640D0A00   
  2542                                  
  2543                                  
  2544                                  ;
  2545                                  FDTLP:
  2546 00001108 E8F7FC                  	CALL	DATA			; Get next statement
  2547 0000110B 08C0                    	OR	AL,AL			; End of line?
  2548 0000110D 7523                    	JNZ	FANDT			; No - See if DATA statement
  2549 0000110F 9F                      	LAHF
  2550 00001110 43                      	INC	BX
  2551 00001111 9E                      	SAHF
  2552 00001112 8A07                    	MOV	AL,[BX]			; End of program?
  2553 00001114 9F                      	LAHF
  2554 00001115 43                      	INC	BX
  2555 00001116 9E                      	SAHF
  2556 00001117 0A07                    	OR	AL,[BX]			; 00 00 Ends program
  2557 00001119 B206                    	MOV	DL,OD			; ?OD Error
  2558 0000111B 7503                    	JNZ	FDTLP1
  2559 0000111D E9FFF4                  	JMP	ERROR			; Yes - Out of DATA
  2560                                  FDTLP1:
  2561 00001120 9F                      	LAHF
  2562 00001121 43                      	INC	BX
  2563 00001122 9E                      	SAHF
  2564 00001123 8A17                    	MOV	DL,[BX]			; LSB of line number
  2565 00001125 9F                      	LAHF
  2566 00001126 43                      	INC	BX
  2567 00001127 9E                      	SAHF
  2568 00001128 8A37                    	MOV	DH,[BX]			; MSB of line number
  2569 0000112A 87DA                    	XCHG	BX,DX
  2570 0000112C 891E1341                	MOV	[DATLIN],BX		; Set line of current DATA item
  2571 00001130 87DA                    	XCHG	BX,DX
  2572                                  FANDT:
  2573 00001132 E89BFA                  	CALL	GETCHR			; Get next character
  2574 00001135 3C83                    	CMP	AL,ZDATA		; "DATA" token
  2575 00001137 75CF                    	JNZ	FDTLP			; No "DATA" - Keep looking
  2576 00001139 E944FF                  	JMP	ANTVLU			; Found - Convert input
  2577                                  ;
  2578                                  NEXT:
  2579 0000113C BA0000                  	MOV	DX,0			; In case no index given
  2580                                  NEXT1:
  2581 0000113F 7403                    	JZ	NEXT2
  2582 00001141 E83003                  	CALL	GETVAR			; Get index address
  2583                                  NEXT2:
  2584 00001144 891E1841                	MOV	[BRKLIN],BX		; Save code string address
  2585 00001148 E842F4                  	CALL	BAKSTK			; Look for "FOR" block
  2586 0000114B 7403                    	JZ	NEXT3
  2587 0000114D E9BDF4                  	JMP	NFERR			; No "FOR" - ?NF Error
  2588                                  NEXT3:
  2589 00001150 89DC                    	MOV	SP,BX			; Clear nested loops
  2590 00001152 52                      	PUSH	DX			; Save index address
  2591 00001153 8A07                    	MOV	AL,[BX]			; Get sign of STEP
  2592 00001155 9F                      	LAHF
  2593 00001156 43                      	INC	BX
  2594 00001157 9E                      	SAHF
  2595 00001158 9F                      	LAHF
  2596 00001159 86E0                    	XCHG	AH,AL
  2597 0000115B 50                      	PUSH	AX			; Save sign of STEP
  2598 0000115C 86E0                    	XCHG	AH,AL
  2599 0000115E 52                      	PUSH	DX			; Save index address
  2600 0000115F E8AA0E                  	CALL	PHLTFP			; Move index value to FPREG
  2601 00001162 89E5                    	MOV	BP,SP
  2602 00001164 875E00                  	XCHG	[BP],BX			; Save address of TO value
  2603 00001167 53                      	PUSH	BX			; Save address of index
  2604 00001168 E8F40A                  	CALL	ADDPHL			; Add STEP to index valiable
  2605 0000116B 5B                      	POP	BX			; Restore address of index
  2606 0000116C E8C30E                  	CALL	FPTHL			; Move value to index variable
  2607 0000116F 5B                      	POP	BX			; Restore address of TO value
  2608 00001170 E8AE0E                  	CALL	LOADFP			; Move TO value to BCDE
  2609 00001173 53                      	PUSH	BX			; Save address of line of FOR
  2610 00001174 E8F20E                  	CALL	CMPNUM			; Compare index with TO value
  2611 00001177 5B                      	POP	BX			; Restore address of line num
  2612 00001178 59                      	POP	CX			; Address of sign of STEP
  2613 00001179 28E8                    	SUB	AL,CH			; Compare with expected sign
  2614 0000117B E8A30E                  	CALL	LOADFP			; BC = Loop stmt,DE = Line num
  2615 0000117E 740B                    	JZ	KILFOR			; Loop finished - Terminal it
  2616 00001180 87DA                    	XCHG	BX,DX			; Loop statement line number
  2617 00001182 891EA640                	MOV	[LINEAT],BX		; Set loop line number
  2618 00001186 89CB                    	MOV	BX,CX			; Set code string to loop
  2619 00001188 E9DDF9                  	JMP	PUTFID			; Put back "FOR" and continue
  2620                                  ;
  2621                                  KILFOR:
  2622 0000118B 89DC                    	MOV	SP,BX			; Remove "FOR" block
  2623 0000118D 8B1E1841                	MOV	BX,[BRKLIN]		; Code string after "NE XT"
  2624 00001191 8A07                    	MOV	AL,[BX]			; Get next byte in code string
  2625 00001193 3C2C                    	CMP	AL,','			; More NEXTs ?
  2626 00001195 7403                    	JZ	KILFOR1			; No - Do next statemen
  2627 00001197 E9D2F9                  	JMP	RUNCNT
  2628                                  KILFOR1:
  2629 0000119A E833FA                  	CALL	GETCHR			; Position to index nam
  2630 0000119D E89FFF                  	CALL	NEXT1			; Re-enter NEXT routine
  2631                                  ; < will not RETurn to here , Exit to RUNCNT or Loop >
  2632                                  ;
  2633                                  GETNUM:
  2634 000011A0 E81600                  	CALL	EVAL			; Get a numeric expression
  2635                                  TSTNUM:
  2636 000011A3 08C0                    	OR	AL,AL			; Clear carry (numeric)
  2637 000011A5 EB01                    	JMP	CHKTYP
  2638                                  TSTSTR:
  2639 000011A7 F9                      	STC				; Set carry (string)
  2640                                  CHKTYP:
  2641 000011A8 A0F740                  	MOV	AL,[TYPE]		; Check types match
  2642 000011AB 10C0                    	ADC	AL,AL			; Expected + actual
  2643 000011AD 08C0                    	OR	AL,AL			; Clear carry , set parity
  2644 000011AF 7B01                    	JPO	CHKTYP1			; RET PE
  2645 000011B1 C3                      	RET				; Even parity - Types match
  2646                                  CHKTYP1:
  2647 000011B2 E968F4                  	JMP	TMERR			; Different types - Error
  2648                                  ;
  2649                                  OPNPAR:
  2650 000011B5 E8FFF7                  	CALL	CHKSYN			; Make sure "(" follows
  2651 000011B8 28                      	DB	"("
  2652                                  EVAL:
  2653 000011B9 9F                      	LAHF
  2654 000011BA 4B                      	DEC	BX
  2655 000011BB 9E                      	SAHF				; Evaluate expression & save
  2656 000011BC B600                    	MOV	DH,0			; Precedence value
  2657                                  EVAL1:
  2658 000011BE 52                      	PUSH	DX			; Save precedence
  2659 000011BF B101                    	MOV	CL,1
  2660 000011C1 E813F4                  	CALL	CHKSTK			; Check for 1 level of stack
  2661 000011C4 E89B00                  	CALL	OPRND			; Get next expression value
  2662                                  EVAL2:
  2663 000011C7 891E1A41                	MOV	[NXTOPR],BX		; Save address of next operator
  2664                                  EVAL3:
  2665 000011CB 8B1E1A41                	MOV	BX,[NXTOPR]		; Restore address of next opt
  2666 000011CF 59                      	POP	CX			; Precedence value and operator
  2667 000011D0 88E8                    	MOV	AL,CH			; Get precedence value
  2668 000011D2 3C78                    	CMP	AL,78H			; "AND" or "OR" ?
  2669 000011D4 7203                    	JC	EVAL4
  2670 000011D6 E8CAFF                  	CALL	TSTNUM			; No - Make sure it's a number
  2671                                  EVAL4:
  2672 000011D9 8A07                    	MOV	AL,[BX]			; Get next operator / function
  2673 000011DB B600                    	MOV	DH,0			; Clear Last relation
  2674                                  RLTLP:
  2675 000011DD 2CB3                    	SUB	AL,ZGTR			; ">" Token
  2676 000011DF 721C                    	JC	FOPRND			; + - * / ^ AND OR - Test it
  2677 000011E1 3C03                    	CMP	AL,ZLTH+1-ZGTR		; < = >
  2678 000011E3 7318                    	JNC	FOPRND			; Function - Call it
  2679 000011E5 3C01                    	CMP	AL,ZEQUAL-ZGTR		; "="
  2680 000011E7 D0D0                    	RCL	AL,1			; <- Test for legal
  2681 000011E9 30F0                    	XOR	AL,DH			; <- combinations of < = >
  2682 000011EB 38F0                    	CMP	AL,DH			; <- by combining last token
  2683 000011ED 88C6                    	MOV	DH,AL			; <- with current one
  2684 000011EF 7303                    	JNC	RLTLP1
  2685 000011F1 E911F4                  	JMP	SNERR			; Error if "<<' '==" or ">>"
  2686                                  RLTLP1:
  2687 000011F4 891E0F41                	MOV	[CUROPR],BX		; Save address of current token
  2688 000011F8 E8D5F9                  	CALL	GETCHR			; Get next character
  2689 000011FB EBE0                    	JMP	RLTLP			; Treat the two as one
  2690                                  ;
  2691                                  FOPRND:
  2692 000011FD 88F0                    	MOV	AL,DH			; < = > found ?
  2693 000011FF 08C0                    	OR	AL,AL
  2694 00001201 7403                    	JZ	FOPRND1
  2695 00001203 E99F01                  	JMP	TSTRED			; Yes - Test for reduction
  2696                                  FOPRND1:
  2697 00001206 8A07                    	MOV	AL,[BX]			; Get operator token
  2698 00001208 891E0F41                	MOV	[CUROPR],BX		; Save operator address
  2699 0000120C 2CAC                    	SUB	AL,ZPLUS		; Operator or function?
  2700 0000120E 7301                    	JNC	FOPRND2
  2701 00001210 C3                      	RET				; Neither - Exit
  2702                                  FOPRND2:
  2703 00001211 3C07                    	CMP	AL,ZOR+1-ZPLUS		; Is it + - * / ^ AND OR ?
  2704 00001213 7201                    	JC	FOPRND3
  2705 00001215 C3                      	RET				; No - Exit
  2706                                  FOPRND3:
  2707 00001216 88C2                    	MOV	DL,AL			; Coded operator
  2708 00001218 A0F740                  	MOV	AL,[TYPE]		; Get data type
  2709 0000121B FEC8                    	DEC	AL			; FF = numeric , 00 = string
  2710 0000121D 08D0                    	OR	AL,DL			; Combine with coded operator
  2711 0000121F 88D0                    	MOV	AL,DL			; Get coded operator
  2712 00001221 7503                    	JNZ	FOPRND4			; String concatenation
  2713 00001223 E9E207                  	JMP	CONCAT
  2714                                  FOPRND4:
  2715 00001226 D0C0                    	ROL	AL,1			; Times 2
  2716 00001228 00D0                    	ADD	AL,DL			; Times 3
  2717 0000122A 88C2                    	MOV	DL,AL			; To DE (D is 0)
  2718 0000122C BB[D104]                	MOV	BX,PRITAB		; Precedence table
  2719 0000122F 01D3                    	ADD	BX,DX			; To the operator concerned
  2720 00001231 88E8                    	MOV	AL,CH			; Last operator precedence
  2721 00001233 8A37                    	MOV	DH,[BX]			; Get evaluation precedence
  2722 00001235 38F0                    	CMP	AL,DH			; Compare with eval precedence
  2723 00001237 7201                    	JC	FOPRND5
  2724 00001239 C3                      	RET				; Exit if higher precedence
  2725                                  FOPRND5:
  2726 0000123A 9F                      	LAHF
  2727 0000123B 43                      	INC	BX			; Point to routine addr
  2728 0000123C 9E                      	SAHF
  2729 0000123D E863FF                  	CALL	TSTNUM			; Make sure it's a number
  2730                                  ;
  2731                                  STKTHS:
  2732 00001240 51                      	PUSH	CX			; Save last precedence token
  2733 00001241 B9[CB11]                	MOV	CX,EVAL3		; Where to go on prec' break
  2734 00001244 51                      	PUSH	CX			; Save on stack for return
  2735 00001245 88D5                    	MOV	CH,DL			; Save operator
  2736 00001247 88F1                    	MOV	CL,DH			; Save precedence
  2737 00001249 E8A70D                  	CALL	STAKFP			; Move value to stack
  2738 0000124C 88EA                    	MOV	DL,CH			; Restore operator
  2739 0000124E 88CE                    	MOV	DH,CL			; Restore precedence
  2740 00001250 8A0F                    	MOV	CL,[BX]			; Get LSB of routine address
  2741 00001252 9F                      	LAHF
  2742 00001253 43                      	INC	BX
  2743 00001254 9E                      	SAHF
  2744 00001255 8A2F                    	MOV	CH,[BX]			; Get MSB of routine address
  2745 00001257 9F                      	LAHF
  2746 00001258 43                      	INC	BX
  2747 00001259 9E                      	SAHF
  2748 0000125A 51                      	PUSH	CX			; Save routine address
  2749 0000125B 8B1E0F41                	MOV	BX,[CUROPR]		; Address of current operator
  2750 0000125F E95CFF                  	JMP	EVAL1			; Loop until prec' break
  2751                                  ;
  2752                                  OPRND:
  2753 00001262 30C0                    	XOR	AL,AL			; Get operand routine
  2754 00001264 A2F740                  	MOV	[TYPE],AL		; Set numeric expected
  2755 00001267 E866F9                  	CALL	GETCHR			; Get next character
  2756 0000126A B224                    	MOV	DL,MO			; ?MO Error
  2757 0000126C 7503                    	JNZ	OPRND1
  2758 0000126E E9AEF3                  	JMP	ERROR			; No operand - Error
  2759                                  OPRND1:
  2760 00001271 7303                    	JNC	OPRND2
  2761 00001273 E9D90E                  	JMP	ASCTFP			; Number - Get value
  2762                                  OPRND2:
  2763 00001276 E836FA                  	CALL	CHKLTR			; See if a letter
  2764 00001279 735E                    	JNC	CONVAR			; Letter - Find variable
  2765 0000127B 3C26                    	CMP	AL,'&'			; &H = HEX, &B = BINARY
  2766 0000127D 7518                    	JNZ	NOTAMP
  2767 0000127F E84EF9                  	CALL	GETCHR			; Get next character
  2768 00001282 3C48                    	CMP	AL,'H'			; Hex number indicated?
  2769 00001284 7503                    	JNZ	OPRND3
  2770 00001286 E91C14                  	JMP	HEXTFP			; Convert Hex to FPREG
  2771                                  OPRND3:
  2772 00001289 3C42                    	CMP	AL,'B'			; Binary number indicat
  2773 0000128B 7503                    	JNZ	OPRND4
  2774 0000128D E99914                  	JMP	BINTFP			; Convert Bin to FPREG
  2775                                  OPRND4:
  2776 00001290 B202                    	MOV	DL,SN			; If neither then a ?SN
  2777 00001292 7503                    	JNZ	NOTAMP
  2778 00001294 E988F3                  	JMP	ERROR
  2779                                  NOTAMP:
  2780 00001297 3CAC                    	CMP	AL,ZPLUS		; '+' Token ?
  2781 00001299 74C7                    	JZ	OPRND			; Yes - Look for operand
  2782 0000129B 3C2E                    	CMP	AL,'.'			; '.' ?
  2783 0000129D 7503                    	JNZ	NOTAMP1			; Yes - Create FP number
  2784 0000129F E9AD0E                  	JMP	ASCTFP
  2785                                  NOTAMP1:
  2786 000012A2 3CAD                    	CMP	AL,ZMINUS		; '-' Token ?
  2787 000012A4 7421                    	JZ	MINUS			; Yes - Do minus
  2788 000012A6 3C22                    	CMP	AL,'"'			; Literal string ?
  2789 000012A8 7503                    	JNZ	NOTAMP2
  2790 000012AA E99605                  	JMP	QTSTR			; Get string terminated
  2791                                  NOTAMP2:
  2792 000012AD 3CAA                    	CMP	AL,ZNOT			; "NOT" Token ?
  2793 000012AF 7503                    	JNZ	NOTAMP3
  2794 000012B1 E99101                  	JMP	EVNOT			; Yes - Eval NOT expres
  2795                                  NOTAMP3:
  2796 000012B4 3CA7                    	CMP	AL,ZFN			; "FN" Token ?
  2797 000012B6 7503                    	JNZ	NOTAMP4
  2798 000012B8 E9AE04                  	JMP	DOFN			; Yes - Do FN routine
  2799                                  NOTAMP4:
  2800 000012BB 2CB6                    	SUB	AL,ZSGN			; Is it a function?
  2801 000012BD 7330                    	JNC	FNOFST			; Yes - Evaluate functi
  2802                                  EVLPAR:
  2803 000012BF E8F3FE                  	CALL	OPNPAR			; Evaluate expression i
  2804 000012C2 E8F2F6                  	CALL	CHKSYN			; Make sure ")" follows
  2805 000012C5 29                      	DB	")"
  2806 000012C6 C3                      	RET
  2807                                  ;
  2808                                  MINUS:
  2809 000012C7 B67D                    	MOV	DH,7DH			; '-' precedence
  2810 000012C9 E8F2FE                  	CALL	EVAL1			; Evaluate until prec' break
  2811 000012CC 8B1E1A41                	MOV	BX,[NXTOPR]		; Get next operator address
  2812 000012D0 53                      	PUSH	BX			; Save next operator address
  2813 000012D1 E8150D                  	CALL	INVSGN			; Negate value
  2814                                  RETNUM:
  2815 000012D4 E8CCFE                  	CALL	TSTNUM			; Make sure it's a number
  2816 000012D7 5B                      	POP	BX			; Restore next operator address
  2817 000012D8 C3                      	RET
  2818                                  ;
  2819                                  CONVAR:
  2820 000012D9 E89801                  	CALL	GETVAR			; Get variable address to DE
  2821                                  FRMEVL:
  2822 000012DC 53                      	PUSH	BX			; Save code string address
  2823 000012DD 87DA                    	XCHG	BX,DX			; Variable address to HL
  2824 000012DF 891E2E41                	MOV	[FPREG],BX		; Save address of variable
  2825 000012E3 A0F740                  	MOV	AL,[TYPE]		; Get type
  2826 000012E6 08C0                    	OR	AL,AL			; Numeric?
  2827 000012E8 7503                    	JNZ	FRMEVL1
  2828 000012EA E81F0D                  	CALL	PHLTFP			; Yes - Move contents to FPREG
  2829                                  FRMEVL1:
  2830 000012ED 5B                      	POP	BX			; Restore code string address
  2831 000012EE C3                      	RET
  2832                                  ;
  2833                                  FNOFST:
  2834 000012EF B500                    	MOV	CH,0			; Get address of function
  2835 000012F1 D0C0                    	ROL	AL,1			; Double function offset
  2836 000012F3 88C1                    	MOV	CL,AL			; BC = Offset in function table
  2837 000012F5 51                      	PUSH	CX			; Save adjusted token value
  2838 000012F6 E8D7F8                  	CALL	GETCHR			; Get next character
  2839 000012F9 88C8                    	MOV	AL,CL			; Get adjusted token value
  2840 000012FB 3C31                    	CMP	AL,2*(ZLEFT-ZSGN)-1	; Adj' LEFT$,RIGHT$ or MID$ ?
  2841 000012FD 7224                    	JC	FNVAL			; No - Do function
  2842 000012FF E8B3FE                  	CALL	OPNPAR			; Evaluate expression  (X,...
  2843 00001302 E8B2F6                  	CALL	CHKSYN			; Make sure ',' follows
  2844 00001305 2C                      	DB	','
  2845 00001306 E89EFE                  	CALL	TSTSTR			; Make sure it's a string
  2846 00001309 87DA                    	XCHG	BX,DX			; Save code string address
  2847 0000130B 8B1E2E41                	MOV	BX,[FPREG]		; Get address of string
  2848 0000130F 89E5                    	MOV	BP,SP
  2849 00001311 875E00                  	XCHG	[BP],BX			; Save address of string
  2850 00001314 53                      	PUSH	BX			; Save adjusted token value
  2851 00001315 87DA                    	XCHG	BX,DX			; Restore code string address
  2852 00001317 E80A09                  	CALL	GETINT			; Get integer 0-255
  2853 0000131A 87DA                    	XCHG	BX,DX			; Save code string address
  2854 0000131C 89E5                    	MOV	BP,SP
  2855 0000131E 875E00                  	XCHG	[BP],BX			; Save integer,HL = adj' token
  2856 00001321 EB0C                    	JMP	GOFUNC			; Jump to string function
  2857                                  ;
  2858                                  FNVAL:
  2859 00001323 E899FF                  	CALL	EVLPAR			; Evaluate expression
  2860 00001326 89E5                    	MOV	BP,SP
  2861 00001328 875E00                  	XCHG	[BP],BX			; HL = Adjusted token value
  2862 0000132B BA[D412]                	MOV	DX,RETNUM		; Return number from function
  2863 0000132E 52                      	PUSH	DX			; Save on stack
  2864                                  GOFUNC:
  2865 0000132F B9[3003]                	MOV	CX,FNCTAB		; Function routine address
  2866 00001332 01CB                    	ADD	BX,CX			; Point to right address
  2867 00001334 8A0F                    	MOV	CL,[BX]			; Get LSB of address
  2868 00001336 9F                      	LAHF
  2869 00001337 43                      	INC	BX
  2870 00001338 9E                      	SAHF
  2871 00001339 8A3F                    	MOV	BH,[BX]			; Get MSB of address
  2872 0000133B 88CB                    	MOV	BL,CL			; Address to HL
  2873 0000133D 53                      	PUSH	BX
  2874 0000133E C3                      	RET
  2875                                  ;	JMP	[BX]			; Jump to function
  2876                                  ;
  2877                                  SGNEXP:
  2878 0000133F FECE                    	DEC	DH			; Dec to flag negative exponent
  2879 00001341 3CAD                    	CMP	AL,ZMINUS		; '-' token ?
  2880 00001343 7501                    	JNZ	SGNEXP1
  2881 00001345 C3                      	RET				; Yes - Return
  2882                                  SGNEXP1:
  2883 00001346 3C2D                    	CMP	AL,'-'			; '-' ASCII ?
  2884 00001348 7501                    	JNZ	SGNEXP2
  2885 0000134A C3                      	RET				; Yes - Return
  2886                                  SGNEXP2:
  2887 0000134B FEC6                    	INC	DH			; nc to flag positive exponent
  2888 0000134D 3C2B                    	CMP	AL,'+'			; '+' ASCII ?
  2889 0000134F 7501                    	JNZ	SGNEXP3
  2890 00001351 C3                      	RET				; Yes - Return
  2891                                  SGNEXP3:
  2892 00001352 3CAC                    	CMP	AL,ZPLUS		; '+' token ?
  2893 00001354 7501                    	JNZ	SGNEXP4
  2894 00001356 C3                      	RET				; Yes - Return
  2895                                  SGNEXP4:
  2896                                  ;	LAHF
  2897 00001357 4B                      	DEC	BX			; DEC 'cos GETCHR INCs
  2898                                  ;	SAHF
  2899 00001358 C3                      	RET				; Return "NZ"
  2900                                  ;
  2901                                  POR:
  2902 00001359 0CAF                    	OR	AL,0AFH			; Flag "OR"
  2903 0000135B EB02                    	JMP	PAND1
  2904                                  PAND:
  2905 0000135D 30C0                    	XOR	AL,AL			; Flag "AND"
  2906                                  PAND1:
  2907 0000135F 9F                      	LAHF
  2908 00001360 86E0                    	XCHG	AH,AL
  2909 00001362 50                      	PUSH	AX			; Save "AND" / "OR" flag
  2910 00001363 86E0                    	XCHG	AH,AL
  2911 00001365 E83BFE                  	CALL	TSTNUM			; Make sure it's a number
  2912 00001368 E85AF9                  	CALL	DEINT			; Get integer -32768 to 32767
  2913 0000136B 58                      	POP	AX			; Restore "AND" / "OR" flag
  2914 0000136C 86E0                    	XCHG	AH,AL
  2915 0000136E 9E                      	SAHF
  2916 0000136F 87DA                    	XCHG	BX,DX			; <- Get last
  2917 00001371 59                      	POP	CX			; <- value
  2918 00001372 89E5                    	MOV	BP,SP
  2919 00001374 875E00                  	XCHG	[BP],BX			; <- from
  2920 00001377 87DA                    	XCHG	BX,DX			; <- stack
  2921 00001379 E8930C                  	CALL	FPBCDE			; Move last value to FPREG
  2922 0000137C 9F                      	LAHF
  2923 0000137D 86E0                    	XCHG	AH,AL
  2924 0000137F 50                      	PUSH	AX			; Save "AND" / "OR" flag
  2925 00001380 86E0                    	XCHG	AH,AL
  2926 00001382 E840F9                  	CALL	DEINT			; Get integer -32768 to 32767
  2927 00001385 58                      	POP	AX			; Restore "AND" / "OR" flag
  2928 00001386 86E0                    	XCHG	AH,AL
  2929 00001388 9E                      	SAHF
  2930 00001389 59                      	POP	CX			; Get value
  2931 0000138A 88C8                    	MOV	AL,CL			; Get LSB
  2932 0000138C BB[1417]                	MOV	BX,ACPASS		; Address of save AC as current
  2933 0000138F 750A                    	JNZ	POR1			; Jump if OR
  2934 00001391 20D0                    	AND	AL,DL			; "AND" LSBs
  2935 00001393 88C1                    	MOV	CL,AL			; Save LSB
  2936 00001395 88E8                    	MOV	AL,CH			; Get MBS
  2937 00001397 20F0                    	AND	AL,DH			; "AND" MSBs
  2938 00001399 53                      	PUSH	BX
  2939 0000139A C3                      	RET
  2940                                  ;	JMP	[BX]			; Save AC as current (ACPASS)
  2941                                  ;
  2942                                  POR1:
  2943 0000139B 08D0                    	OR	AL,DL			; "OR" LSBs
  2944 0000139D 88C1                    	MOV	CL,AL			; Save LSB
  2945 0000139F 88E8                    	MOV	AL,CH			; Get MSB
  2946 000013A1 08F0                    	OR	AL,DH			; "OR" MSBs
  2947 000013A3 53                      	PUSH	BX
  2948 000013A4 C3                      	RET
  2949                                  ;	JMP	[BX]			; Save AC as current (ACPASS)
  2950                                  ;
  2951                                  TSTRED:
  2952 000013A5 BB[BF13]                	MOV	BX,CMPLOG		; Logical compare routi
  2953 000013A8 A0F740                  	MOV	AL,[TYPE]		; Get data type
  2954 000013AB D0D8                    	RCR	AL,1			; Carry set = string
  2955 000013AD 88F0                    	MOV	AL,DH			; Get last precedence value
  2956 000013AF D0D0                    	RCL	AL,1			; Times 2 plus carry
  2957 000013B1 88C2                    	MOV	DL,AL			; To E
  2958 000013B3 B664                    	MOV	DH,64H			; Relational precedence
  2959 000013B5 88E8                    	MOV	AL,CH			; Get current precedence
  2960 000013B7 38F0                    	CMP	AL,DH			; Compare with last
  2961 000013B9 7201                    	JC	TSTRED1
  2962 000013BB C3                      	RET				; Eval if last was rel' or log'
  2963                                  TSTRED1:
  2964 000013BC E981FE                  	JMP	STKTHS			; Stack this one and get next
  2965                                  ;
  2966                                  CMPLOG:
  2967 000013BF [C113]                  	DW	CMPLG1			; Compare two values / strings
  2968                                  CMPLG1:
  2969 000013C1 88C8                    	MOV	AL,CL			; Get data type
  2970 000013C3 08C0                    	OR	AL,AL
  2971 000013C5 D0D8                    	RCR	AL,1
  2972 000013C7 59                      	POP	CX			; Get last expression to BCDE
  2973 000013C8 5A                      	POP	DX
  2974 000013C9 9F                      	LAHF
  2975 000013CA 86E0                    	XCHG	AH,AL
  2976 000013CC 50                      	PUSH	AX			; Save status
  2977 000013CD 86E0                    	XCHG	AH,AL
  2978 000013CF E8D6FD                  	CALL	CHKTYP			; Check that types match
  2979 000013D2 BB[3714]                	MOV	BX,CMPRES		; Result to comparison
  2980 000013D5 53                      	PUSH	BX			; Save for RETurn
  2981 000013D6 7503                    	JNZ	CMPLG2
  2982 000013D8 E98E0C                  	JMP	CMPNUM			; Compare values if numeric
  2983                                  CMPLG2:
  2984 000013DB 30C0                    	XOR	AL,AL			; Compare two strings
  2985 000013DD A2F740                  	MOV	[TYPE],AL		; Set type to numeric
  2986 000013E0 52                      	PUSH	DX			; Save string name
  2987 000013E1 E89E06                  	CALL	GSTRCU			; Get current string
  2988 000013E4 8A07                    	MOV	AL,[BX]			; Get length of string
  2989 000013E6 9F                      	LAHF
  2990 000013E7 43                      	INC	BX
  2991 000013E8 9E                      	SAHF
  2992 000013E9 9F                      	LAHF
  2993 000013EA 43                      	INC	BX
  2994 000013EB 9E                      	SAHF
  2995 000013EC 8A0F                    	MOV	CL,[BX]			; Get LSB of address
  2996 000013EE 9F                      	LAHF
  2997 000013EF 43                      	INC	BX
  2998 000013F0 9E                      	SAHF
  2999 000013F1 8A2F                    	MOV	CH,[BX]			; Get MSB of address
  3000 000013F3 5A                      	POP	DX			; Restore string name
  3001 000013F4 51                      	PUSH	CX			; Save address of string
  3002 000013F5 9F                      	LAHF
  3003 000013F6 86E0                    	XCHG	AH,AL
  3004 000013F8 50                      	PUSH	AX			; Save length of string
  3005 000013F9 86E0                    	XCHG	AH,AL
  3006 000013FB E88A06                  	CALL	GSTRDE			; Get second string
  3007 000013FE E8200C                  	CALL	LOADFP			; Get address of second string
  3008 00001401 58                      	POP	AX			; Restore length of string 1
  3009 00001402 86E0                    	XCHG	AH,AL
  3010 00001404 9E                      	SAHF
  3011 00001405 88C6                    	MOV	DH,AL			; Length to D
  3012 00001407 5B                      	POP	BX			; Restore address of string 1
  3013                                  CMPSTR:
  3014 00001408 88D0                    	MOV	AL,DL			; Bytes of string 2 to do
  3015 0000140A 08F0                    	OR	AL,DH			; Bytes of string 1 to do
  3016 0000140C 7501                    	JNZ	CMPSTR1
  3017 0000140E C3                      	RET				; Exit if all bytes compared
  3018                                  CMPSTR1:
  3019 0000140F 88F0                    	MOV	AL,DH			; Get bytes of string 1 to do
  3020 00001411 2C01                    	SUB	AL,1
  3021 00001413 7301                    	JNC	CMPSTR2
  3022 00001415 C3                      	RET				; Exit if end of string 1
  3023                                  CMPSTR2:
  3024 00001416 30C0                    	XOR	AL,AL
  3025 00001418 38D0                    	CMP	AL,DL			; Bytes of string 2 to do
  3026 0000141A FEC0                    	INC	AL
  3027 0000141C 7201                    	JC	CMPSTR3
  3028 0000141E C3                      	RET				; Exit if end of string 2
  3029                                  CMPSTR3:
  3030 0000141F FECE                    	DEC	DH			; Count bytes in string 1
  3031 00001421 FECA                    	DEC	DL			; Count bytes in string 2
  3032 00001423 87D9                    	XCHG	BX,CX
  3033 00001425 8A07                    	MOV	AL,[BX]			; Byte in string 2
  3034 00001427 87D9                    	XCHG	BX,CX
  3035 00001429 3A07                    	CMP	AL,[BX]			; Compare to byte in string 1
  3036 0000142B 9F                      	LAHF
  3037 0000142C 43                      	INC	BX			; Move up string 1
  3038 0000142D 9E                      	SAHF
  3039 0000142E 9F                      	LAHF
  3040 0000142F 41                      	INC	CX			; Move up string 2
  3041 00001430 9E                      	SAHF
  3042 00001431 74D5                    	JZ	CMPSTR			; Same - Try next bytes
  3043 00001433 F5                      	CMC				; Flag difference (">" or "<")
  3044 00001434 E98A0B                  	JMP	FLGDIF			; "<" gives -1 , ">" given +1
  3045                                  ;
  3046                                  CMPRES:
  3047 00001437 FEC0                    	INC	AL			; Increment current value
  3048 00001439 10C0                    	ADC	AL,AL			; Double plus carry
  3049 0000143B 59                      	POP	CX			; Get other value
  3050 0000143C 20E8                    	AND	AL,CH			; Combine them
  3051 0000143E 04FF                    	ADD	AL,-1			; Carry set if different
  3052 00001440 18C0                    	SBB	AL,AL			; 00 - Equal , FF - Different
  3053 00001442 E9870B                  	JMP	FLGREL			; Set current value & continue
  3054                                  ;
  3055                                  EVNOT:
  3056 00001445 B65A                    	MOV	DH,5AH			; Precedence value for "NOT"
  3057 00001447 E874FD                  	CALL	EVAL1			; Eval until precedence break
  3058 0000144A E856FD                  	CALL	TSTNUM			; Make sure it's a number
  3059 0000144D E875F8                  	CALL	DEINT			; Get integer -32768 - 32767
  3060 00001450 88D0                    	MOV	AL,DL			; Get LSB
  3061 00001452 F6D0                    	NOT	AL			; Invert LSB
  3062 00001454 88C1                    	MOV	CL,AL			; Save "NOT" of LSB
  3063 00001456 88F0                    	MOV	AL,DH			; Get MSB
  3064 00001458 F6D0                    	NOT	AL			; Invert MSB
  3065 0000145A E8B702                  	CALL	ACPASS			; Save AC as current
  3066 0000145D 59                      	POP	CX			; Clean up stack
  3067 0000145E E96AFD                  	JMP	EVAL3			; Continue evaluation
  3068                                  ;
  3069                                  DIMRET:
  3070                                  ;	LAHF
  3071 00001461 4B                      	DEC	BX			; DEC 'cos GETCHR INCs
  3072                                  ;	SAHF
  3073 00001462 E86BF7                  	CALL	GETCHR			; Get next character
  3074 00001465 7501                    	JNZ	DIMRET1
  3075 00001467 C3                      	RET				; End of DIM statement
  3076                                  DIMRET1:
  3077 00001468 E84CF5                  	CALL	CHKSYN			; Make sure ',' follows
  3078 0000146B 2C                      	DB	','
  3079                                  DIM:
  3080 0000146C B9[6114]                	MOV	CX,DIMRET		; Return to "DIMRET"
  3081 0000146F 51                      	PUSH	CX			; Save on stack
  3082 00001470 0CAF                    	OR	AL,0AFH			; Flag "Create" variable
  3083 00001472 EB02                    	JMP	GETVAR1
  3084                                  GETVAR:
  3085 00001474 30C0                    	XOR	AL,AL			; Find variable address to DE
  3086                                  GETVAR1:
  3087 00001476 A2F640                  	MOV	[LCRFLG],AL		; Set locate / create flag
  3088 00001479 8A2F                    	MOV	CH,[BX]			; Get First byte of name
  3089                                  GTFNAM:
  3090 0000147B E831F8                  	CALL	CHKLTR			; See if a letter
  3091 0000147E 7303                    	JNC	GTFNAM1
  3092 00001480 E982F1                  	JMP	SNERR			; ?SN Error if not a letter
  3093                                  GTFNAM1:
  3094 00001483 30C0                    	XOR	AL,AL
  3095 00001485 88C1                    	MOV	CL,AL			; Clear second byte of name
  3096 00001487 A2F740                  	MOV	[TYPE],AL		; Set type to numeric
  3097 0000148A E843F7                  	CALL	GETCHR			; Get next character
  3098 0000148D 7205                    	JC	SVNAM2			; Numeric - Save in name
  3099 0000148F E81DF8                  	CALL	CHKLTR			; See if a letter
  3100 00001492 720C                    	JC	CHARTY			; Not a letter - Check type
  3101                                  SVNAM2:
  3102 00001494 88C1                    	MOV	CL,AL			; Save second byte of name
  3103                                  ENDNAM:
  3104 00001496 E837F7                  	CALL	GETCHR			; Get next character
  3105 00001499 72FB                    	JC	ENDNAM			; Numeric - Get another
  3106 0000149B E811F8                  	CALL	CHKLTR			; See if a letter
  3107 0000149E 73F6                    	JNC	ENDNAM			; Letter - Get another
  3108                                  CHARTY:
  3109 000014A0 2C24                    	SUB	AL,'$'			; String variable?
  3110 000014A2 750E                    	JNZ	NOTSTR			; No - Numeric variable
  3111 000014A4 FEC0                    	INC	AL			; A = 1 (string type)
  3112 000014A6 A2F740                  	MOV	[TYPE],AL		; Set type to string
  3113 000014A9 D0C8                    	ROR	AL,1			; A = 80H , Flag for string
  3114 000014AB 00C8                    	ADD	AL,CL			; 2nd byte of name has bit 7 on
  3115 000014AD 88C1                    	MOV	CL,AL			; Resave second byte on name
  3116 000014AF E81EF7                  	CALL	GETCHR			; Get next character
  3117                                  NOTSTR:
  3118 000014B2 A01541                  	MOV	AL,[FORFLG]		; Array name needed ?
  3119 000014B5 FEC8                    	DEC	AL
  3120 000014B7 7503                    	JNZ	NOTSTR1			; Yes - Get array name
  3121 000014B9 E9E600                  	JMP	ARLDSV
  3122                                  NOTSTR1:
  3123 000014BC 7909                    	JNS	NSCFOR			; No array with "FOR" or "FN"
  3124 000014BE 8A07                    	MOV	AL,[BX]			; Get byte again
  3125 000014C0 2C28                    	SUB	AL,'('			; Subscripted variable?
  3126 000014C2 7503                    	JNZ	NSCFOR			; Yes - Sort out subscript
  3127 000014C4 E99F00                  	JMP	SBSCPT
  3128                                  ;
  3129                                  NSCFOR:
  3130 000014C7 30C0                    	XOR	AL,AL			; Simple variable
  3131 000014C9 A21541                  	MOV	[FORFLG],AL		; Clear "FOR" flag
  3132 000014CC 53                      	PUSH	BX			; Save code string address
  3133 000014CD 88EE                    	MOV	DH,CH			; DE = Variable name to find
  3134 000014CF 88CA                    	MOV	DL,CL
  3135 000014D1 8B1E2841                	MOV	BX,[FNRGNM]		; FN argument name
  3136 000014D5 E8D3F4                  	CALL	CPDEHL			; Is it the FN argument?
  3137 000014D8 BA2A41                  	MOV	DX,FNARG		; Point to argument value
  3138 000014DB 7503                    	JNZ	NSCFOR1
  3139 000014DD E9C809                  	JMP	POPHRT			; Yes - Return FN argument value
  3140                                  NSCFOR1:
  3141 000014E0 8B1E2241                	MOV	BX,[VAREND]		; End of variables
  3142 000014E4 87DA                    	XCHG	BX,DX			; Address of end of search
  3143 000014E6 8B1E2041                	MOV	BX,[PROGND]		; Start of variables address
  3144                                  FNDVAR:
  3145 000014EA E8BEF4                  	CALL	CPDEHL			; End of variable list table?
  3146 000014ED 7420                    	JZ	CFEVAL			; Yes - Called from EVAL?
  3147 000014EF 88C8                    	MOV	AL,CL			; Get second byte of name
  3148 000014F1 2A07                    	SUB	AL,[BX]			; Compare with name in list
  3149 000014F3 9F                      	LAHF
  3150 000014F4 43                      	INC	BX			; Move on to first byte
  3151 000014F5 9E                      	SAHF
  3152 000014F6 7504                    	JNZ	FNTHR			; Different - Find another
  3153 000014F8 88E8                    	MOV	AL,CH			; Get first byte of name
  3154 000014FA 2A07                    	SUB	AL,[BX]			; Compare with name in list
  3155                                  FNTHR:
  3156 000014FC 9F                      	LAHF
  3157 000014FD 43                      	INC	BX			; Move on to LSB of value
  3158 000014FE 9E                      	SAHF
  3159 000014FF 7455                    	JZ	RETADR			; Found - Return address
  3160 00001501 9F                      	LAHF
  3161 00001502 43                      	INC	BX			; <- Skip
  3162 00001503 9E                      	SAHF
  3163 00001504 9F                      	LAHF
  3164 00001505 43                      	INC	BX			; <- over
  3165 00001506 9E                      	SAHF
  3166 00001507 9F                      	LAHF
  3167 00001508 43                      	INC	BX			; <- F.P.
  3168 00001509 9E                      	SAHF
  3169 0000150A 9F                      	LAHF
  3170 0000150B 43                      	INC	BX			; <- value
  3171 0000150C 9E                      	SAHF
  3172 0000150D EBDB                    	JMP	FNDVAR			; Keep looking
  3173                                  ;
  3174                                  CFEVAL:
  3175 0000150F 5B                      	POP	BX			; Restore code string address
  3176 00001510 89E5                    	MOV	BP,SP
  3177 00001512 875E00                  	XCHG	[BP],BX			; Get return address
  3178 00001515 52                      	PUSH	DX			; Save address of variable
  3179 00001516 BA[DC12]                	MOV	DX,FRMEVL		; Return address in EVAL
  3180 00001519 E88FF4                  	CALL	CPDEHL			; Called from EVAL ?
  3181 0000151C 5A                      	POP	DX			; Restore address of variable
  3182 0000151D 743B                    	JZ	RETNUL			; Yes - Return null variable
  3183 0000151F 89E5                    	MOV	BP,SP
  3184 00001521 875E00                  	XCHG	[BP],BX			; Put back return
  3185 00001524 53                      	PUSH	BX			; Save code string address
  3186 00001525 51                      	PUSH	CX			; Save variable name
  3187 00001526 B90600                  	MOV	CX,6			; 2 byte name plus 4 by data
  3188 00001529 8B1E2441                	MOV	BX,[ARREND]		; End of arrays
  3189 0000152D 53                      	PUSH	BX			; Save end of arrays
  3190 0000152E 01CB                    	ADD	BX,CX			; Move up 6 bytes
  3191 00001530 59                      	POP	CX			; Source address in BC
  3192 00001531 53                      	PUSH	BX			; Save new end address
  3193 00001532 E886F0                  	CALL	MOVUP			; Move arrays up
  3194 00001535 5B                      	POP	BX			; Restore new end address
  3195 00001536 891E2441                	MOV	[ARREND],BX		; Set new end address
  3196 0000153A 89CB                    	MOV	BX,CX			; End of variables to HL
  3197 0000153C 891E2241                	MOV	[VAREND],BX		; Set new end address
  3198                                  ;
  3199                                  ZEROLP:
  3200 00001540 9F                      	LAHF
  3201 00001541 4B                      	DEC	BX			; Back through to zero variable
  3202 00001542 9E                      	SAHF
  3203 00001543 C60700                  	MOV	BYTE [BX],0		; Zero byte in variable
  3204 00001546 E862F4                  	CALL	CPDEHL			; Done them all?
  3205 00001549 75F5                    	JNZ	ZEROLP			; No - Keep on going
  3206 0000154B 5A                      	POP	DX			; Get variable name
  3207 0000154C 8817                    	MOV	[BX],DL			; Store second character
  3208 0000154E 9F                      	LAHF
  3209 0000154F 43                      	INC	BX
  3210 00001550 9E                      	SAHF
  3211 00001551 8837                    	MOV	[BX],DH			; Store first character
  3212 00001553 9F                      	LAHF
  3213 00001554 43                      	INC	BX
  3214 00001555 9E                      	SAHF
  3215                                  RETADR:
  3216 00001556 87DA                    	XCHG	BX,DX			; Address of variable in DE
  3217 00001558 5B                      	POP	BX			; Restore code string address
  3218 00001559 C3                      	RET
  3219                                  ;
  3220                                  RETNUL:
  3221 0000155A A23141                  	MOV	[FPEXP],AL		; Set result to zero
  3222 0000155D BB[8005]                	MOV	BX,ZERBYT		; Also set a null string
  3223 00001560 891E2E41                	MOV	[FPREG],BX		; Save for EVAL
  3224 00001564 5B                      	POP	BX			; Restore code string address
  3225 00001565 C3                      	RET
  3226                                  ;
  3227                                  SBSCPT:
  3228 00001566 53                      	PUSH	BX			; Save code string address
  3229 00001567 8B1EF640                	MOV	BX,[LCRFLG]		; Locate/Create and Type
  3230 0000156B 89E5                    	MOV	BP,SP
  3231 0000156D 875E00                  	XCHG	[BP],BX			; Save and get code string
  3232 00001570 88C6                    	MOV	DH,AL			; Zero number of dimensions
  3233                                  SCPTLP:
  3234 00001572 52                      	PUSH	DX			; Save number of dimensions
  3235 00001573 51                      	PUSH	CX			; Save array name
  3236 00001574 E843F7                  	CALL	FPSINT			; Get subscript (0-32767)
  3237 00001577 59                      	POP	CX			; Restore array name
  3238 00001578 58                      	POP	AX			; Get number of dimensions
  3239 00001579 86E0                    	XCHG	AH,AL
  3240 0000157B 9E                      	SAHF
  3241 0000157C 87DA                    	XCHG	BX,DX
  3242 0000157E 89E5                    	MOV	BP,SP
  3243 00001580 875E00                  	XCHG	[BP],BX			; Save subscript value
  3244 00001583 53                      	PUSH	BX			; Save LCRFLG and TYPE
  3245 00001584 87DA                    	XCHG	BX,DX
  3246 00001586 FEC0                    	INC	AL			; Count dimensions
  3247 00001588 88C6                    	MOV	DH,AL			; Save in D
  3248 0000158A 8A07                    	MOV	AL,[BX]			; Get next byte in code string
  3249 0000158C 3C2C                    	CMP	AL,','			; Comma (more to come)?
  3250 0000158E 74E2                    	JZ	SCPTLP			; Yes - More subscripts
  3251 00001590 E824F4                  	CALL	CHKSYN			; Make sure ")" follows
  3252 00001593 29                      	DB	")"
  3253 00001594 891E1A41                	MOV	[NXTOPR],BX		; Save code string address
  3254 00001598 5B                      	POP	BX			; Get LCRFLG and TYPE
  3255 00001599 891EF640                	MOV	[LCRFLG],BX		; Restore Locate/create & type
  3256 0000159D B200                    	MOV	DL,0			; Flag not CSAVE* or CLOAD*
  3257 0000159F 52                      	PUSH	DX			; Save number of dimensions (D)
  3258 000015A0 EB07                    	JMP	ARLDSV1			; Skip "PUSH HL" and "PUSH AF"
  3259                                  ;
  3260                                  ARLDSV:
  3261 000015A2 53                      	PUSH	BX			; Save code string address
  3262 000015A3 9F                      	LAHF
  3263 000015A4 86E0                    	XCHG	AH,AL
  3264 000015A6 50                      	PUSH	AX			; A = 00 , Flags set = Z,N
  3265 000015A7 86E0                    	XCHG	AH,AL
  3266                                  ARLDSV1:
  3267 000015A9 8B1E2241                	MOV	BX,[VAREND]		; Start of arrays
  3268 000015AD EB02                    	JMP	FNDARY1			; Skip "ADD HL,DE"
  3269                                  FNDARY:
  3270 000015AF 01D3                    	ADD	BX,DX			; Move to next array start
  3271                                  FNDARY1:
  3272 000015B1 87DA                    	XCHG	BX,DX
  3273 000015B3 8B1E2441                	MOV	BX,[ARREND]		; End of arrays
  3274 000015B7 87DA                    	XCHG	BX,DX			; Current array pointer
  3275 000015B9 E8EFF3                  	CALL	CPDEHL			; End of arrays found?
  3276 000015BC 743D                    	JZ	CREARY			; Yes - Create array
  3277 000015BE 8A07                    	MOV	AL,[BX]			; Get second byte of name
  3278 000015C0 38C8                    	CMP	AL,CL			; Compare with name given
  3279 000015C2 9F                      	LAHF
  3280 000015C3 43                      	INC	BX			; Move on
  3281 000015C4 9E                      	SAHF
  3282 000015C5 7504                    	JNZ	NXTARY			; Different - Find next array
  3283 000015C7 8A07                    	MOV	AL,[BX]			; Get first byte of name
  3284 000015C9 38E8                    	CMP	AL,CH			; Compare with name given
  3285                                  NXTARY:
  3286 000015CB 9F                      	LAHF
  3287 000015CC 43                      	INC	BX			; Move on
  3288 000015CD 9E                      	SAHF
  3289 000015CE 8A17                    	MOV	DL,[BX]			; Get LSB of next array address
  3290 000015D0 9F                      	LAHF
  3291 000015D1 43                      	INC	BX
  3292 000015D2 9E                      	SAHF
  3293 000015D3 8A37                    	MOV	DH,[BX]			; Get MSB of next array address
  3294 000015D5 9F                      	LAHF
  3295 000015D6 43                      	INC	BX
  3296 000015D7 9E                      	SAHF
  3297 000015D8 75D5                    	JNZ	FNDARY			; Not found - Keep looking
  3298 000015DA A0F640                  	MOV	AL,[LCRFLG]		; Found Locate or Creat it?
  3299 000015DD 08C0                    	OR	AL,AL
  3300 000015DF 7403                    	JZ	NXTARY1			; Create - ?DD Error
  3301 000015E1 E92DF0                  	JMP	DDERR
  3302                                  NXTARY1:
  3303 000015E4 58                      	POP	AX			; Locate - Get number of dimensions
  3304 000015E5 86E0                    	XCHG	AH,AL
  3305 000015E7 9E                      	SAHF
  3306 000015E8 89D9                    	MOV	CX,BX			; BC Points to array dimensions
  3307 000015EA 7503                    	JNZ	NXTARY2			; Jump if array load/save
  3308 000015EC E9B908                  	JMP	POPHRT
  3309                                  NXTARY2:
  3310 000015EF 2A07                    	SUB	AL,[BX]			; Same number of dimensions?
  3311 000015F1 7503                    	JNZ	BSERR			; Yes - Find element
  3312 000015F3 E9AA00                  	JMP	FINDEL
  3313                                  BSERR:
  3314 000015F6 B210                    	MOV	DL,BS			; ?BS Error
  3315 000015F8 E924F0                  	JMP	ERROR			; Output error
  3316                                  ;
  3317                                  CREARY:
  3318 000015FB BA0400                  	MOV	DX,4			; 4 Bytes per entry
  3319 000015FE 58                      	POP	AX			; Array to save or 0 dimensions?
  3320 000015FF 86E0                    	XCHG	AH,AL
  3321 00001601 9E                      	SAHF
  3322 00001602 7503                    	JNZ	CREARY1
  3323 00001604 E9D8F6                  	JMP	FCERR			; Yes - ?FC Error
  3324                                  CREARY1:
  3325 00001607 880F                    	MOV	[BX],CL			; Save second byte of n
  3326 00001609 9F                      	LAHF
  3327 0000160A 43                      	INC	BX
  3328 0000160B 9E                      	SAHF
  3329 0000160C 882F                    	MOV	[BX],CH			; Save first byte of name
  3330 0000160E 9F                      	LAHF
  3331 0000160F 43                      	INC	BX
  3332 00001610 9E                      	SAHF
  3333 00001611 88C1                    	MOV	CL,AL			; Number of dimensions to C
  3334 00001613 E8C1EF                  	CALL	CHKSTK			; Check if enough memory
  3335 00001616 9F                      	LAHF
  3336 00001617 43                      	INC	BX			; Point to number of dimensions
  3337 00001618 9E                      	SAHF
  3338 00001619 9F                      	LAHF
  3339 0000161A 43                      	INC	BX
  3340 0000161B 9E                      	SAHF
  3341 0000161C 891E0F41                	MOV	[CUROPR],BX		; Save address of pointer
  3342 00001620 880F                    	MOV	[BX],CL			; Set number of dimensions
  3343 00001622 9F                      	LAHF
  3344 00001623 43                      	INC	BX
  3345 00001624 9E                      	SAHF
  3346 00001625 A0F640                  	MOV	AL,[LCRFLG]		; Locate of Create?
  3347 00001628 D0D0                    	RCL	AL,1			; Carry set = Create
  3348 0000162A 88C8                    	MOV	AL,CL			; Get number of dimensions
  3349                                  CRARLP:
  3350 0000162C B90B00                  	MOV	CX,10+1			; Default dimension size 10
  3351 0000162F 7304                    	JNC	DEFSIZ			; Locate - Set default size
  3352 00001631 59                      	POP	CX			; Get specified dimension size
  3353 00001632 9F                      	LAHF
  3354 00001633 41                      	INC	CX			; Include zero element
  3355 00001634 9E                      	SAHF
  3356                                  DEFSIZ:
  3357 00001635 880F                    	MOV	[BX],CL			; Save LSB of dimension size
  3358 00001637 9F                      	LAHF
  3359 00001638 43                      	INC	BX
  3360 00001639 9E                      	SAHF
  3361 0000163A 882F                    	MOV	[BX],CH			; Save MSB of dimension size
  3362 0000163C 9F                      	LAHF
  3363 0000163D 43                      	INC	BX
  3364 0000163E 9E                      	SAHF
  3365 0000163F 9F                      	LAHF
  3366 00001640 86E0                    	XCHG	AH,AL
  3367 00001642 50                      	PUSH	AX			; Save num' of dimensions an status
  3368 00001643 86E0                    	XCHG	AH,AL
  3369 00001645 53                      	PUSH	BX			; Save address of dimensions size
  3370 00001646 E8DF0A                  	CALL	MLDEBC			; Multiply DE by BC to find
  3371 00001649 87DA                    	XCHG	BX,DX			; amount of mem needed (to DE)
  3372 0000164B 5B                      	POP	BX			; Restore address of dimension
  3373 0000164C 58                      	POP	AX			; Restore number of dimensions
  3374 0000164D 86E0                    	XCHG	AH,AL
  3375 0000164F 9E                      	SAHF
  3376 00001650 FEC8                    	DEC	AL			; Count them
  3377 00001652 75D8                    	JNZ	CRARLP			; Do next dimension if more
  3378 00001654 9F                      	LAHF
  3379 00001655 86E0                    	XCHG	AH,AL
  3380 00001657 50                      	PUSH	AX			; Save locate/create flag
  3381 00001658 86E0                    	XCHG	AH,AL
  3382 0000165A 89D1                    	MOV	CX,DX			; memory needed
  3383 0000165C 87DA                    	XCHG	BX,DX
  3384 0000165E 01D3                    	ADD	BX,DX			; Add bytes to array start
  3385 00001660 7303                    	JNC	DEFSIZ1
  3386 00001662 E994EF                  	JMP	OMERR			; Too big - Error
  3387                                  DEFSIZ1:
  3388 00001665 E87CEF                  	CALL	ENFMEM			; See if enough memory
  3389 00001668 891E2441                	MOV	[ARREND],BX		; Save new end of array
  3390                                  ;
  3391                                  ZERARY:
  3392 0000166C 9F                      	LAHF
  3393 0000166D 4B                      	DEC	BX			; Back through array data
  3394 0000166E 9E                      	SAHF
  3395 0000166F C60700                  	MOV	BYTE [BX],0		; Set array element to zero
  3396 00001672 E836F3                  	CALL	CPDEHL			; All elements zeroed?
  3397 00001675 75F5                    	JNZ	ZERARY			; No - Keep on going
  3398 00001677 9F                      	LAHF
  3399 00001678 41                      	INC	CX			; Number of bytes + 1
  3400 00001679 9E                      	SAHF
  3401 0000167A 88C6                    	MOV	DH,AL			; A=0
  3402 0000167C 8B1E0F41                	MOV	BX,[CUROPR]		; Get address of array
  3403 00001680 8A17                    	MOV	DL,[BX]			; Number of dimensions
  3404 00001682 87DA                    	XCHG	BX,DX			; To HL
  3405 00001684 01DB                    	ADD	BX,BX			; Two bytes per dimension size
  3406 00001686 01CB                    	ADD	BX,CX			; Add number of bytes
  3407 00001688 87DA                    	XCHG	BX,DX			; Bytes needed to DE
  3408 0000168A 9F                      	LAHF
  3409 0000168B 4B                      	DEC	BX
  3410 0000168C 9E                      	SAHF
  3411 0000168D 9F                      	LAHF
  3412 0000168E 4B                      	DEC	BX
  3413 0000168F 9E                      	SAHF
  3414 00001690 8817                    	MOV	[BX],DL			; Save LSB of bytes needed
  3415 00001692 9F                      	LAHF
  3416 00001693 43                      	INC	BX
  3417 00001694 9E                      	SAHF
  3418 00001695 8837                    	MOV	[BX],DH			; Save MSB of bytes needed
  3419 00001697 9F                      	LAHF
  3420 00001698 43                      	INC	BX
  3421 00001699 9E                      	SAHF
  3422 0000169A 58                      	POP	AX			; Locate / Create?
  3423 0000169B 86E0                    	XCHG	AH,AL
  3424 0000169D 9E                      	SAHF
  3425 0000169E 7243                    	JC	ENDDIM			; A is 0 , End if create
  3426                                  FINDEL:
  3427 000016A0 88C5                    	MOV	CH,AL			; Find array element
  3428 000016A2 88C1                    	MOV	CL,AL
  3429 000016A4 8A07                    	MOV	AL,[BX]			; Number of dimensions
  3430 000016A6 9F                      	LAHF
  3431 000016A7 43                      	INC	BX
  3432 000016A8 9E                      	SAHF
  3433 000016A9 EB01                    	JMP	FNDELP1			; Skip "POP BX"
  3434                                  FNDELP:
  3435 000016AB 5B                      	POP	BX			; Address of next dim' size
  3436                                  FNDELP1:
  3437 000016AC 8A17                    	MOV	DL,[BX]			; Get LSB of dim'n size
  3438 000016AE 9F                      	LAHF
  3439 000016AF 43                      	INC	BX
  3440 000016B0 9E                      	SAHF
  3441 000016B1 8A37                    	MOV	DH,[BX]			; Get MSB of dim'n size
  3442 000016B3 9F                      	LAHF
  3443 000016B4 43                      	INC	BX
  3444 000016B5 9E                      	SAHF
  3445 000016B6 89E5                    	MOV	BP,SP
  3446 000016B8 875E00                  	XCHG	[BP],BX			; Save address - Get index
  3447 000016BB 9F                      	LAHF
  3448 000016BC 86E0                    	XCHG	AH,AL
  3449 000016BE 50                      	PUSH	AX			; Save number of dimensions
  3450 000016BF 86E0                    	XCHG	AH,AL
  3451 000016C1 E8E7F2                  	CALL	CPDEHL			; Dimension too large?
  3452 000016C4 7203                    	JC	FNDELP2
  3453 000016C6 E92DFF                  	JMP	BSERR			; Yes - ?BS Error
  3454                                  FNDELP2:
  3455 000016C9 53                      	PUSH	BX			; Save index
  3456 000016CA E85B0A                  	CALL	MLDEBC			; Multiply previous by size
  3457 000016CD 5A                      	POP	DX			; Index supplied to DE
  3458 000016CE 01D3                    	ADD	BX,DX			; Add index to pointer
  3459 000016D0 58                      	POP	AX			; Number of dimensions
  3460 000016D1 86E0                    	XCHG	AH,AL
  3461 000016D3 9E                      	SAHF
  3462 000016D4 FEC8                    	DEC	AL			; Count them
  3463 000016D6 89D9                    	MOV	CX,BX			; pointer
  3464 000016D8 75D1                    	JNZ	FNDELP			; More - Keep going
  3465 000016DA 01DB                    	ADD	BX,BX			; 4 Bytes per element
  3466 000016DC 01DB                    	ADD	BX,BX
  3467 000016DE 59                      	POP	CX			; Start of array
  3468 000016DF 01CB                    	ADD	BX,CX			; Point to element
  3469 000016E1 87DA                    	XCHG	BX,DX			; Address of element to DE
  3470                                  ENDDIM:
  3471 000016E3 8B1E1A41                	MOV	BX,[NXTOPR]		; Got code string address
  3472 000016E7 C3                      	RET
  3473                                  ;
  3474                                  FRE:
  3475 000016E8 8B1E2441                	MOV	BX,[ARREND]		; Start of free memory
  3476 000016EC 87DA                    	XCHG	BX,DX			; To DE
  3477 000016EE BB0000                  	MOV	BX,0			; End of free memory
  3478 000016F1 01E3                    	ADD	BX,SP			; Current stack value
  3479 000016F3 A0F740                  	MOV	AL,[TYPE]		; Dummy argument type
  3480 000016F6 08C0                    	OR	AL,AL
  3481 000016F8 7410                    	JZ	FRENUM			; Numeric - Free variable space
  3482 000016FA E88503                  	CALL	GSTRCU			; Current string to pool
  3483 000016FD E80B02                  	CALL	GARBGE			; Garbage collection
  3484 00001700 8B1EA440                	MOV	BX,[STRSPC]		; Bottom of string space in use
  3485 00001704 87DA                    	XCHG	BX,DX			; To DE
  3486 00001706 8B1E0D41                	MOV	BX,[STRBOT]		; Bottom of string space
  3487                                  FRENUM:
  3488 0000170A 88D8                    	MOV	AL,BL			; Get LSB of end
  3489 0000170C 28D0                    	SUB	AL,DL			; Subtract LSB of beginning
  3490 0000170E 88C1                    	MOV	CL,AL			; Save difference if C
  3491 00001710 88F8                    	MOV	AL,BH			; Get MSB of end
  3492 00001712 18F0                    	SBB	AL,DH			; Subtract MSB of beginning
  3493                                  ACPASS:
  3494 00001714 88CD                    	MOV	CH,CL			; Return integer AC
  3495                                  ABPASS:
  3496 00001716 88EE                    	MOV	DH,CH			; Return integer AB
  3497 00001718 B200                    	MOV	DL,0
  3498 0000171A BBF740                  	MOV	BX,TYPE			; Point to type
  3499 0000171D 8817                    	MOV	[BX],DL			; Set type to numeric
  3500 0000171F B590                    	MOV	CH,80H+16		; 16 bit integer
  3501 00001721 E9AD08                  	JMP	RETINT			; Return the integr
  3502                                  ;
  3503                                  POS:
  3504 00001724 A0F540                  	MOV	AL,[CURPOS]		; Get cursor position
  3505                                  PASSA:
  3506 00001727 88C5                    	MOV	CH,AL			; Put A into AB
  3507 00001729 30C0                    	XOR	AL,AL			; Zero A
  3508 0000172B EBE9                    	JMP	ABPASS			; Return integer AB
  3509                                  ;
  3510                                  DEF:
  3511 0000172D E8B600                  	CALL	CHEKFN			; Get "FN" and name
  3512 00001730 E89E00                  	CALL	IDTEST			; Test for illegal direct
  3513 00001733 B9[020E]                	MOV	CX,DATA			; To get next statement
  3514 00001736 51                      	PUSH	CX			; Save address for RETurn
  3515 00001737 52                      	PUSH	DX			; Save address of function ptr
  3516 00001738 E87CF2                  	CALL	CHKSYN			; Make sure "(" follows
  3517 0000173B 28                      	DB	"("
  3518 0000173C E835FD                  	CALL	GETVAR			; Get argument variable name
  3519 0000173F 53                      	PUSH	BX			; Save code string address
  3520 00001740 87DA                    	XCHG	BX,DX			; Argument address to HL
  3521 00001742 9F                      	LAHF
  3522 00001743 4B                      	DEC	BX
  3523 00001744 9E                      	SAHF
  3524 00001745 8A37                    	MOV	DH,[BX]			; Get first byte of arg name
  3525 00001747 9F                      	LAHF
  3526 00001748 4B                      	DEC	BX
  3527 00001749 9E                      	SAHF
  3528 0000174A 8A17                    	MOV	DL,[BX]			; Get second byte of ar
  3529 0000174C 5B                      	POP	BX			; Restore code string address
  3530 0000174D E853FA                  	CALL	TSTNUM			; Make sure numeric argument
  3531 00001750 E864F2                  	CALL	CHKSYN			; Make sure ")" follows
  3532 00001753 29                      	DB	")"
  3533 00001754 E860F2                  	CALL	CHKSYN			; Make sure "=" follows
  3534 00001757 B4                      	DB	ZEQUAL			; "=" token
  3535 00001758 89D9                    	MOV	CX,BX			; Code string address to BC
  3536 0000175A 89E5                    	MOV	BP,SP
  3537 0000175C 875E00                  	XCHG	[BP],BX			; Save code str , Get FN ptr
  3538 0000175F 880F                    	MOV	[BX],CL			; Save LSB of FN code string
  3539 00001761 9F                      	LAHF
  3540 00001762 43                      	INC	BX
  3541 00001763 9E                      	SAHF
  3542 00001764 882F                    	MOV	[BX],CH			; Save MSB of FN code string
  3543 00001766 E9CB00                  	JMP	SVSTAD			; Save address and do function
  3544                                  ;
  3545                                  DOFN:
  3546 00001769 E87A00                  	CALL	CHEKFN			; Make sure FN follows
  3547 0000176C 52                      	PUSH	DX			; Save function pointer address
  3548 0000176D E84FFB                  	CALL	EVLPAR			; Evaluate expression in "()"
  3549 00001770 E830FA                  	CALL	TSTNUM			; Make sure numeric result
  3550 00001773 89E5                    	MOV	BP,SP
  3551 00001775 875E00                  	XCHG	[BP],BX			; Save code str , Get FN ptr
  3552 00001778 8A17                    	MOV	DL,[BX]			; Get LSB of FN code string
  3553 0000177A 9F                      	LAHF
  3554 0000177B 43                      	INC	BX
  3555 0000177C 9E                      	SAHF
  3556 0000177D 8A37                    	MOV	DH,[BX]			; Get MSB of FN code string
  3557 0000177F 9F                      	LAHF
  3558 00001780 43                      	INC	BX
  3559 00001781 9E                      	SAHF
  3560 00001782 88F0                    	MOV	AL,DH			; And function DEFined?
  3561 00001784 08D0                    	OR	AL,DL
  3562 00001786 7503                    	JNZ	DOFN1
  3563 00001788 E98AEE                  	JMP	UFERR			; No - ?UF Error
  3564                                  DOFN1:
  3565 0000178B 8A07                    	MOV	AL,[BX]			; Get LSB of argument address
  3566 0000178D 9F                      	LAHF
  3567 0000178E 43                      	INC	BX
  3568 0000178F 9E                      	SAHF
  3569 00001790 8A3F                    	MOV	BH,[BX]			; Get MSB of argument address
  3570 00001792 88C3                    	MOV	BL,AL			; HL = Arg variable address
  3571 00001794 53                      	PUSH	BX			; Save it
  3572 00001795 8B1E2841                	MOV	BX,[FNRGNM]		; Get old argument name
  3573 00001799 89E5                    	MOV	BP,SP
  3574 0000179B 875E00                  	XCHG	[BP],BX			; Save old , Get new
  3575 0000179E 891E2841                	MOV	[FNRGNM],BX		; Set new argument name
  3576 000017A2 8B1E2C41                	MOV	BX,[FNARG+2]		; Get LSB,NLSB of old arg value
  3577 000017A6 53                      	PUSH	BX			; Save it
  3578 000017A7 8B1E2A41                	MOV	BX,[FNARG]		; Get MSB,EXP of old arg value
  3579 000017AB 53                      	PUSH	BX			; Save it
  3580 000017AC BB2A41                  	MOV	BX,FNARG		; HL = Value of argument
  3581 000017AF 52                      	PUSH	DX			; Save FN code string address
  3582 000017B0 E87F08                  	CALL	FPTHL			; Move FPREG to argument
  3583 000017B3 5B                      	POP	BX			; Get FN code string address
  3584 000017B4 E8E9F9                  	CALL	GETNUM			; Get value from function
  3585                                  ;	LAHF
  3586 000017B7 4B                      	DEC	BX			; DEC 'cos GETCHR INCs
  3587                                  ;	SAHF
  3588 000017B8 E815F4                  	CALL	GETCHR			; Get next character
  3589 000017BB 7403                    	JZ	DOFN2
  3590 000017BD E945EE                  	JMP	SNERR			; Bad character in FN - Error
  3591                                  DOFN2:
  3592 000017C0 5B                      	POP	BX			; Get MSB,EXP of old arg
  3593 000017C1 891E2A41                	MOV	[FNARG],BX		; Restore it
  3594 000017C5 5B                      	POP	BX			; Get LSB,NLSB of old arg
  3595 000017C6 891E2C41                	MOV	[FNARG+2],BX		; Restore it
  3596 000017CA 5B                      	POP	BX			; Get name of old arg
  3597 000017CB 891E2841                	MOV	[FNRGNM],BX		; Restore it
  3598 000017CF 5B                      	POP	BX			; Restore code string address
  3599 000017D0 C3                      	RET
  3600                                  ;
  3601                                  IDTEST:
  3602 000017D1 53                      	PUSH	BX			; Save code string address
  3603 000017D2 8B1EA640                	MOV	BX,[LINEAT]		; Get current line number
  3604 000017D6 9F                      	LAHF
  3605 000017D7 43                      	INC	BX			; -1 means direct statement
  3606 000017D8 9E                      	SAHF
  3607 000017D9 88F8                    	MOV	AL,BH
  3608 000017DB 08D8                    	OR	AL,BL
  3609 000017DD 5B                      	POP	BX			; Restore code string address
  3610 000017DE 7401                    	JZ	IDTEST1
  3611 000017E0 C3                      	RET				; Return if in program
  3612                                  IDTEST1:
  3613 000017E1 B216                    	MOV	DL,ID			; ?ID Error
  3614 000017E3 E939EE                  	JMP	ERROR
  3615                                  ;
  3616                                  CHEKFN:
  3617 000017E6 E8CEF1                  	CALL	CHKSYN			; Make sure FN follows
  3618 000017E9 A7                      	DB	ZFN			; "FN" token
  3619 000017EA B080                    	MOV	AL,80H
  3620 000017EC A21541                  	MOV	[FORFLG],AL		; Flag FN name to find
  3621 000017EF 0A07                    	OR	AL,[BX]			; FN name has bit 7 set
  3622 000017F1 88C5                    	MOV	CH,AL			; in first byte of name
  3623 000017F3 E885FC                  	CALL	GTFNAM			; Get FN name
  3624 000017F6 E9AAF9                  	JMP	TSTNUM			; Make sure numeric function
  3625                                  ;
  3626                                  STR:
  3627 000017F9 E8A7F9                  	CALL	TSTNUM			; Make sure it's a number
  3628 000017FC E8210A                  	CALL	NUMASC			; Turn number into text
  3629                                  STR1:
  3630 000017FF E83E00                  	CALL	CRTST			; Create string entry for it
  3631 00001802 E87D02                  	CALL	GSTRCU			; Current string to pool
  3632 00001805 B9[FD1A]                	MOV	CX,TOPOOL		; Save in string pool
  3633 00001808 51                      	PUSH	CX			; Save address on stack
  3634                                  ;
  3635                                  SAVSTR:
  3636 00001809 8A07                    	MOV	AL,[BX]			; Get string length
  3637 0000180B 9F                      	LAHF
  3638 0000180C 43                      	INC	BX
  3639 0000180D 9E                      	SAHF
  3640 0000180E 9F                      	LAHF
  3641 0000180F 43                      	INC	BX
  3642 00001810 9E                      	SAHF
  3643 00001811 53                      	PUSH	BX			; Save pointer to string
  3644 00001812 E8AB00                  	CALL	TESTR			; See if enough string space
  3645 00001815 5B                      	POP	BX			; Restore pointer to string
  3646 00001816 8A0F                    	MOV	CL,[BX]			; Get LSB of address
  3647 00001818 9F                      	LAHF
  3648 00001819 43                      	INC	BX
  3649 0000181A 9E                      	SAHF
  3650 0000181B 8A2F                    	MOV	CH,[BX]			; Get MSB of address
  3651 0000181D E80B00                  	CALL	CRTMST			; Create string entry
  3652 00001820 53                      	PUSH	BX			; Save pointer to MSB of addr
  3653 00001821 88C3                    	MOV	BL,AL			; Length of string
  3654 00001823 E84202                  	CALL	TOSTRA			; Move to string area
  3655 00001826 5A                      	POP	DX			; Restore pointer to MSB
  3656 00001827 C3                      	RET
  3657                                  ;
  3658                                  MKTMST:
  3659 00001828 E89500                  	CALL	TESTR			; See if enough string space
  3660                                  CRTMST:
  3661 0000182B BB0941                  	MOV	BX,TMPSTR		; Temporary string
  3662 0000182E 53                      	PUSH	BX			; Save it
  3663 0000182F 8807                    	MOV	[BX],AL			; Save length of string
  3664 00001831 9F                      	LAHF
  3665 00001832 43                      	INC	BX
  3666 00001833 9E                      	SAHF
  3667                                  SVSTAD:
  3668 00001834 9F                      	LAHF
  3669 00001835 43                      	INC	BX
  3670 00001836 9E                      	SAHF
  3671 00001837 8817                    	MOV	[BX],DL			; Save LSB of address
  3672 00001839 9F                      	LAHF
  3673 0000183A 43                      	INC	BX
  3674 0000183B 9E                      	SAHF
  3675 0000183C 8837                    	MOV	[BX],DH			; Save MSB of address
  3676 0000183E 5B                      	POP	BX			; Restore pointer
  3677 0000183F C3                      	RET
  3678                                  ;
  3679                                  CRTST:
  3680 00001840 9F                      	LAHF
  3681 00001841 4B                      	DEC	BX			; DEC - INCed after
  3682 00001842 9E                      	SAHF
  3683                                  QTSTR:
  3684 00001843 B522                    	MOV	CH,'"'			; Terminating quote
  3685 00001845 88EE                    	MOV	DH,CH			; Quote to D
  3686                                  DTSTR:
  3687 00001847 53                      	PUSH	BX			; Save start
  3688 00001848 B1FF                    	MOV	CL,-1			; Set counter to -1
  3689                                  QTSTLP:
  3690 0000184A 9F                      	LAHF
  3691 0000184B 43                      	INC	BX			; Move on
  3692 0000184C 9E                      	SAHF
  3693 0000184D 8A07                    	MOV	AL,[BX]			; Get byte
  3694 0000184F FEC1                    	INC	CL			; Count bytes
  3695 00001851 08C0                    	OR	AL,AL			; End of line?
  3696 00001853 7408                    	JZ	CRTSTE			; Yes - Create string entry
  3697 00001855 38F0                    	CMP	AL,DH			; Terminator D found?
  3698 00001857 7404                    	JZ	CRTSTE			; Yes - Create string entry
  3699 00001859 38E8                    	CMP	AL,CH			; Terminator B found?
  3700 0000185B 75ED                    	JNZ	QTSTLP			; No - Keep looking
  3701                                  CRTSTE:
  3702 0000185D 3C22                    	CMP	AL,'"'			; End with '"'?
  3703 0000185F 7503                    	JNZ	CRTSTE1
  3704 00001861 E86CF3                  	CALL	GETCHR			; Yes - Get next charac
  3705                                  CRTSTE1:
  3706 00001864 89E5                    	MOV	BP,SP
  3707 00001866 875E00                  	XCHG	[BP],BX			; Starting quote
  3708 00001869 9F                      	LAHF
  3709 0000186A 43                      	INC	BX			; First byte of string
  3710 0000186B 9E                      	SAHF
  3711 0000186C 87DA                    	XCHG	BX,DX			; To DE
  3712 0000186E 88C8                    	MOV	AL,CL			; Get length
  3713 00001870 E8B8FF                  	CALL	CRTMST			; Create string entry
  3714                                  TSTOPL:
  3715 00001873 BA0941                  	MOV	DX,TMPSTR		; Temporary string
  3716 00001876 8B1EFB40                	MOV	BX,[TMSTPT]		; Temporary string pool pointer
  3717 0000187A 891E2E41                	MOV	[FPREG],BX		; Save address of string ptr
  3718 0000187E B001                    	MOV	AL,1
  3719 00001880 A2F740                  	MOV	[TYPE],AL		; Set type to string
  3720 00001883 E8AF07                  	CALL	DETHL4			; Move string to pool
  3721 00001886 E822F1                  	CALL	CPDEHL			; Out of string pool?
  3722 00001889 891EFB40                	MOV	[TMSTPT],BX		; Save new pointer
  3723 0000188D 5B                      	POP	BX			; Restore code string address
  3724 0000188E 8A07                    	MOV	AL,[BX]			; Get next code byte
  3725 00001890 7401                    	JZ	TSTOPL1
  3726 00001892 C3                      	RET				; Return if pool OK
  3727                                  TSTOPL1:
  3728 00001893 B21E                    	MOV	DL,ST			; ?ST Error
  3729 00001895 E987ED                  	JMP	ERROR			; String pool overflow
  3730                                  ;
  3731                                  PRNUMS:
  3732 00001898 9F                      	LAHF
  3733 00001899 43                      	INC	BX			; Skip leading space
  3734 0000189A 9E                      	SAHF
  3735                                  PRS:
  3736 0000189B E8A2FF                  	CALL	CRTST			; Create string entry for it
  3737                                  PRS1:
  3738 0000189E E8E101                  	CALL	GSTRCU			; Current string to pool
  3739 000018A1 E87D07                  	CALL	LOADFP			; Move string block to BCDE
  3740 000018A4 FEC2                    	INC	DL			; Length + 1
  3741                                  PRSLP:
  3742 000018A6 FECA                    	DEC	DL			; Count characters
  3743 000018A8 7501                    	JNZ	PRSLP1
  3744 000018AA C3                      	RET				; End of string
  3745                                  PRSLP1:
  3746 000018AB 87D9                    	XCHG	BX,CX
  3747 000018AD 8A07                    	MOV	AL,[BX]			; Get byte to output
  3748 000018AF 87D9                    	XCHG	BX,CX
  3749 000018B1 E81CF1                  	CALL	OUTC			; Output character in A
  3750 000018B4 3C0D                    	CMP	AL,CR			; Return?
  3751 000018B6 7503                    	JNZ	PRSLP2
  3752 000018B8 E8A5F6                  	CALL	DONULL			; Yes - Do nulls
  3753                                  PRSLP2:
  3754 000018BB 9F                      	LAHF
  3755 000018BC 41                      	INC	CX			; Next byte in string
  3756 000018BD 9E                      	SAHF
  3757 000018BE EBE6                    	JMP	PRSLP			; More characters to output
  3758                                  ;
  3759                                  TESTR:
  3760 000018C0 08C0                    	OR	AL,AL			; Test if enough room
  3761 000018C2 EB04                    	JMP	GRBDON1			; No garbage collection done
  3762                                  GRBDON:
  3763 000018C4 58                      	POP	AX			; Garbage collection done
  3764 000018C5 86E0                    	XCHG	AH,AL
  3765 000018C7 9E                      	SAHF
  3766                                  GRBDON1:
  3767 000018C8 9F                      	LAHF
  3768 000018C9 86E0                    	XCHG	AH,AL
  3769 000018CB 50                      	PUSH	AX			; Save status
  3770 000018CC 86E0                    	XCHG	AH,AL
  3771 000018CE 8B1EA440                	MOV	BX,[STRSPC]		; Bottom of string space in use
  3772 000018D2 87DA                    	XCHG	BX,DX			; To DE
  3773 000018D4 8B1E0D41                	MOV	BX,[STRBOT]		; Bottom of string area
  3774 000018D8 F6D0                    	NOT	AL			; Negate length (Top down)
  3775 000018DA 88C1                    	MOV	CL,AL			; -Length to BC
  3776 000018DC B5FF                    	MOV	CH,-1			; BC = -ve length of string
  3777 000018DE 01CB                    	ADD	BX,CX			; Add to bottom of space in use
  3778                                  ;	LAHF
  3779 000018E0 43                      	INC	BX			; Plus one for 2's complement
  3780                                  ;	SAHF
  3781 000018E1 E8C7F0                  	CALL	CPDEHL			; Below string RAM area?
  3782 000018E4 720E                    	JC	TESTOS			; Tidy up if not done else err
  3783 000018E6 891E0D41                	MOV	[STRBOT],BX		; Save new bottom of area
  3784 000018EA 9F                      	LAHF
  3785 000018EB 43                      	INC	BX			; Point to first byte of string
  3786 000018EC 9E                      	SAHF
  3787 000018ED 87DA                    	XCHG	BX,DX			; Address to DE
  3788                                  POPAF:
  3789 000018EF 58                      	POP	AX			; Throw away status push
  3790 000018F0 86E0                    	XCHG	AH,AL
  3791 000018F2 9E                      	SAHF
  3792 000018F3 C3                      	RET
  3793                                  ;
  3794                                  TESTOS:
  3795 000018F4 58                      	POP	AX			; Garbage collect been done?
  3796 000018F5 86E0                    	XCHG	AH,AL
  3797 000018F7 9E                      	SAHF
  3798 000018F8 B21A                    	MOV	DL,OS			; ?OS Error
  3799 000018FA 7503                    	JNZ	TESTOS1
  3800 000018FC E920ED                  	JMP	ERROR			; Yes - Not enough strig space
  3801                                  TESTOS1:
  3802 000018FF 38C0                    	CMP	AL,AL			; Flag garbage collect done
  3803 00001901 9F                      	LAHF
  3804 00001902 86E0                    	XCHG	AH,AL
  3805 00001904 50                      	PUSH	AX			; Save status
  3806 00001905 86E0                    	XCHG	AH,AL
  3807 00001907 B9[C418]                	MOV	CX,GRBDON		; Garbage collection done
  3808 0000190A 51                      	PUSH	CX			; Save for RETurn
  3809                                  GARBGE:
  3810 0000190B 8B1EF940                	MOV	BX,[LSTRAM]		; Get end of RAM pointer
  3811                                  GARBLP:
  3812 0000190F 891E0D41                	MOV	[STRBOT],BX		; Reset string pointer
  3813 00001913 BB0000                  	MOV	BX,0
  3814 00001916 53                      	PUSH	BX			; Flag no string found
  3815 00001917 8B1EA440                	MOV	BX,[STRSPC]		; Get bottom of string space
  3816 0000191B 53                      	PUSH	BX			; Save bottom of string space
  3817 0000191C BBFD40                  	MOV	BX,TMSTPL		; Temporary string pool
  3818                                  GRBLP:
  3819 0000191F 87DA                    	XCHG	BX,DX
  3820 00001921 8B1EFB40                	MOV	BX,[TMSTPT]		; Temporary string pool pointer
  3821 00001925 87DA                    	XCHG	BX,DX
  3822 00001927 E881F0                  	CALL	CPDEHL			; Temporary string pool done?
  3823 0000192A B9[1F19]                	MOV	CX,GRBLP		; Loop until string pool done
  3824 0000192D 7556                    	JNZ	STPOOL			; No - See if in string area
  3825 0000192F 8B1E2041                	MOV	BX,[PROGND]		; Start of simple variables
  3826                                  SMPVAR:
  3827 00001933 87DA                    	XCHG	BX,DX
  3828 00001935 8B1E2241                	MOV	BX,[VAREND]		; End of simple variables
  3829 00001939 87DA                    	XCHG	BX,DX
  3830 0000193B E86DF0                  	CALL	CPDEHL			; All simple strings done?
  3831 0000193E 740C                    	JZ	ARRLP			; Yes - Do string arrays
  3832 00001940 8A07                    	MOV	AL,[BX]			; Get type of variable
  3833                                  ;	LAHF
  3834 00001942 43                      	INC	BX
  3835                                  ;	SAHF
  3836                                  ;	LAHF
  3837 00001943 43                      	INC	BX
  3838                                  ;	SAHF
  3839 00001944 08C0                    	OR	AL,AL			; "S" flag set if strings done?
  3840 00001946 E83F00                  	CALL	STRADD			; See if string in strig area
  3841 00001949 EBE8                    	JMP	SMPVAR			; Loop until simple ones done
  3842                                  ;
  3843                                  GNXARY:
  3844 0000194B 59                      	POP	CX			; Scrap address of this array
  3845                                  ARRLP:
  3846 0000194C 87DA                    	XCHG	BX,DX
  3847 0000194E 8B1E2441                	MOV	BX,[ARREND]		; End of string arrays
  3848 00001952 87DA                    	XCHG	BX,DX
  3849 00001954 E854F0                  	CALL	CPDEHL			; All string arrays done?
  3850 00001957 746F                    	JZ	SCNEND			; Yes - Move string if found
  3851 00001959 E8C506                  	CALL	LOADFP			; Get array name to BCDE
  3852 0000195C 88D0                    	MOV	AL,DL			; Get type of array
  3853 0000195E 53                      	PUSH	BX			; Save address of num of dimensions
  3854 0000195F 01CB                    	ADD	BX,CX			; Start of next array
  3855 00001961 08C0                    	OR	AL,AL			; Test type of array
  3856 00001963 79E6                    	JNS	GNXARY			; Numeric array - Ignore it
  3857 00001965 891E0F41                	MOV	[CUROPR],BX		; Save address of next array
  3858 00001969 5B                      	POP	BX			; Get address of num of dimensions
  3859 0000196A 8A0F                    	MOV	CL,[BX]			; BC = Number of dimensions
  3860 0000196C B500                    	MOV	CH,0
  3861 0000196E 01CB                    	ADD	BX,CX			; Two bytes per dimension size
  3862 00001970 01CB                    	ADD	BX,CX
  3863 00001972 9F                      	LAHF
  3864 00001973 43                      	INC	BX			; Plus one for number of dimensions
  3865 00001974 9E                      	SAHF
  3866                                  GRBARY:
  3867 00001975 87DA                    	XCHG	BX,DX
  3868 00001977 8B1E0F41                	MOV	BX,[CUROPR]		; Get address of next array
  3869 0000197B 87DA                    	XCHG	BX,DX
  3870 0000197D E82BF0                  	CALL	CPDEHL			; Is this array finished?
  3871 00001980 74CA                    	JZ	ARRLP			; Yes - Get next one
  3872 00001982 B9[7519]                	MOV	CX,GRBARY		; Loop until array all done
  3873                                  STPOOL:
  3874 00001985 51                      	PUSH	CX			; Save return address
  3875 00001986 0C80                    	OR	AL,80H			; Flag string type
  3876                                  STRADD:
  3877 00001988 8A07                    	MOV	AL,[BX]			; Get string length
  3878 0000198A 9F                      	LAHF
  3879 0000198B 43                      	INC	BX
  3880                                  ;	SAHF
  3881                                  ;	LAHF
  3882 0000198C 43                      	INC	BX
  3883                                  ;	SAHF
  3884 0000198D 8A17                    	MOV	DL,[BX]			; Get LSB of string address
  3885                                  ;	LAHF
  3886 0000198F 43                      	INC	BX
  3887                                  ;	SAHF
  3888 00001990 8A37                    	MOV	DH,[BX]			; Get MSB of string address
  3889                                  ;	LAHF
  3890 00001992 43                      	INC	BX
  3891 00001993 9E                      	SAHF
  3892 00001994 7801                    	JS	STRADD1
  3893 00001996 C3                      	RET				; Not a string - Return
  3894                                  STRADD1:
  3895 00001997 08C0                    	OR	AL,AL			; Set flags on string length
  3896 00001999 7501                    	JNZ	STRADD2
  3897 0000199B C3                      	RET				; Null string - Return
  3898                                  STRADD2:
  3899 0000199C 89D9                    	MOV	CX,BX			; Save variable pointer
  3900 0000199E 8B1E0D41                	MOV	BX,[STRBOT]		; Bottom of new area
  3901 000019A2 E806F0                  	CALL	CPDEHL			; String been done?
  3902 000019A5 89CB                    	MOV	BX,CX			; Restore variable pointer
  3903 000019A7 7301                    	JNC	STRADD3
  3904 000019A9 C3                      	RET				; String done - Ignore
  3905                                  STRADD3:
  3906 000019AA 5B                      	POP	BX			; Return address
  3907 000019AB 89E5                    	MOV	BP,SP
  3908 000019AD 875E00                  	XCHG	[BP],BX			; Lowest available string area
  3909 000019B0 E8F8EF                  	CALL	CPDEHL			; String within string area?
  3910 000019B3 89E5                    	MOV	BP,SP
  3911 000019B5 875E00                  	XCHG	[BP],BX			; Lowest available string area
  3912 000019B8 53                      	PUSH	BX			; Re-save return address
  3913 000019B9 89CB                    	MOV	BX,CX			; Restore variable pointer
  3914 000019BB 7201                    	JC	STRADD4
  3915 000019BD C3                      	RET				; Outside string area - Ignore
  3916                                  STRADD4:
  3917 000019BE 59                      	POP	CX			; Get return , Throw 2 away
  3918 000019BF 58                      	POP	AX
  3919                                  ;	XCHG	AH,AL
  3920                                  ;	SAHF
  3921 000019C0 58                      	POP	AX
  3922 000019C1 86E0                    	XCHG	AH,AL
  3923 000019C3 9E                      	SAHF
  3924 000019C4 53                      	PUSH	BX			; Save variable pointer
  3925 000019C5 52                      	PUSH	DX			; Save address of current
  3926 000019C6 51                      	PUSH	CX			; Put back return address
  3927 000019C7 C3                      	RET				; Go to it
  3928                                  ;
  3929                                  SCNEND:
  3930 000019C8 5A                      	POP	DX			; Addresses of strings
  3931 000019C9 5B                      	POP	BX			;
  3932 000019CA 88D8                    	MOV	AL,BL			; HL = 0 if no more to do
  3933 000019CC 08F8                    	OR	AL,BH
  3934 000019CE 7501                    	JNZ	SCNEND1
  3935 000019D0 C3                      	RET				; No more to do - Return
  3936                                  SCNEND1:
  3937 000019D1 9F                      	LAHF
  3938 000019D2 4B                      	DEC	BX
  3939 000019D3 9E                      	SAHF
  3940 000019D4 8A2F                    	MOV	CH,[BX]			; MSB of address of string
  3941 000019D6 9F                      	LAHF
  3942 000019D7 4B                      	DEC	BX
  3943 000019D8 9E                      	SAHF
  3944 000019D9 8A0F                    	MOV	CL,[BX]			; LSB of address of string
  3945 000019DB 53                      	PUSH	BX			; Save variable address
  3946 000019DC 9F                      	LAHF
  3947 000019DD 4B                      	DEC	BX
  3948 000019DE 9E                      	SAHF
  3949 000019DF 9F                      	LAHF
  3950 000019E0 4B                      	DEC	BX
  3951 000019E1 9E                      	SAHF
  3952 000019E2 8A1F                    	MOV	BL,[BX]			; HL = Length of string
  3953 000019E4 B700                    	MOV	BH,0
  3954 000019E6 01CB                    	ADD	BX,CX			; Address of end of string
  3955 000019E8 88EE                    	MOV	DH,CH			; String address to DE
  3956 000019EA 88CA                    	MOV	DL,CL
  3957 000019EC 9F                      	LAHF
  3958 000019ED 4B                      	DEC	BX			; Last byte in string
  3959 000019EE 9E                      	SAHF
  3960 000019EF 89D9                    	MOV	CX,BX			; Address to BC
  3961 000019F1 8B1E0D41                	MOV	BX,[STRBOT]		; Current bottom of string area
  3962 000019F5 E8C6EB                  	CALL	MOVSTR			; Move string to new address
  3963 000019F8 5B                      	POP	BX			; Restore variable address
  3964 000019F9 880F                    	MOV	[BX],CL			; Save new LSB of address
  3965 000019FB 9F                      	LAHF
  3966 000019FC 43                      	INC	BX
  3967 000019FD 9E                      	SAHF
  3968 000019FE 882F                    	MOV	[BX],CH			; Save new MSB of address
  3969 00001A00 89CB                    	MOV	BX,CX			; Next string area+1 to HL
  3970 00001A02 9F                      	LAHF
  3971 00001A03 4B                      	DEC	BX
  3972 00001A04 9E                      	SAHF				; Next string area address
  3973 00001A05 E907FF                  	JMP	GARBLP			; Look for more strings
  3974                                  ;
  3975                                  CONCAT:
  3976 00001A08 51                      	PUSH	CX			; Save prec' opr & code string
  3977 00001A09 53                      	PUSH	BX			;
  3978 00001A0A 8B1E2E41                	MOV	BX,[FPREG]		; Get first string
  3979 00001A0E 89E5                    	MOV	BP,SP
  3980 00001A10 875E00                  	XCHG	[BP],BX			; Save first string
  3981 00001A13 E84CF8                  	CALL	OPRND			; Get second string
  3982 00001A16 89E5                    	MOV	BP,SP
  3983 00001A18 875E00                  	XCHG	[BP],BX			; Restore first string
  3984 00001A1B E889F7                  	CALL	TSTSTR			; Make sure it's a string
  3985 00001A1E 8A07                    	MOV	AL,[BX]			; Get length of second string
  3986 00001A20 53                      	PUSH	BX			; Save first string
  3987 00001A21 8B1E2E41                	MOV	BX,[FPREG]		; Get second string
  3988 00001A25 53                      	PUSH	BX			; Save second string
  3989 00001A26 0207                    	ADD	AL,[BX]			; Add length of second string
  3990 00001A28 B21C                    	MOV	DL,LS			; ?LS Error
  3991 00001A2A 7303                    	JNC	CONCAT1			; String too long - Error
  3992 00001A2C E9F0EB                  	JMP	ERROR
  3993                                  CONCAT1:
  3994 00001A2F E8F6FD                  	CALL	MKTMST			; Make temporary string
  3995 00001A32 5A                      	POP	DX			; Get second string to DE
  3996 00001A33 E85200                  	CALL	GSTRDE			; Move to string pool if needed
  3997 00001A36 89E5                    	MOV	BP,SP
  3998 00001A38 875E00                  	XCHG	[BP],BX			; Get first string
  3999 00001A3B E84800                  	CALL	GSTRHL			; Move to string pool if needed
  4000 00001A3E 53                      	PUSH	BX			; Save first string
  4001 00001A3F 8B1E0B41                	MOV	BX,[TMPSTR+2]		; Temporary string address
  4002 00001A43 87DA                    	XCHG	BX,DX			; To DE
  4003 00001A45 E80F00                  	CALL	SSTSA			; First string to string area
  4004 00001A48 E80C00                  	CALL	SSTSA			; Second string to strig area
  4005 00001A4B BB[C711]                	MOV	BX,EVAL2		; Return to evaluation loop
  4006 00001A4E 89E5                    	MOV	BP,SP
  4007 00001A50 875E00                  	XCHG	[BP],BX			; Save return,get code string
  4008 00001A53 53                      	PUSH	BX			; Save code string address
  4009 00001A54 E91CFE                  	JMP	TSTOPL			; To temporary string to pool
  4010                                  ;
  4011                                  SSTSA:
  4012 00001A57 5B                      	POP	BX			; Return address
  4013 00001A58 89E5                    	MOV	BP,SP
  4014 00001A5A 875E00                  	XCHG	[BP],BX			; Get string block,save return
  4015 00001A5D 8A07                    	MOV	AL,[BX]			; Get length of string
  4016                                  ;	LAHF
  4017 00001A5F 43                      	INC	BX
  4018                                  ;	SAHF
  4019                                  ;	LAHF
  4020 00001A60 43                      	INC	BX
  4021                                  ;	SAHF
  4022 00001A61 8A0F                    	MOV	CL,[BX]			; Get LSB of string address
  4023                                  ;	LAHF
  4024 00001A63 43                      	INC	BX
  4025                                  ;	SAHF
  4026 00001A64 8A2F                    	MOV	CH,[BX]			; Get MSB of string address
  4027 00001A66 88C3                    	MOV	BL,AL			; Length to L
  4028                                  TOSTRA:
  4029 00001A68 FEC3                    	INC	BL			; INC - DECed after
  4030                                  TSALP:
  4031 00001A6A FECB                    	DEC	BL			; Count bytes moved
  4032 00001A6C 7501                    	JNZ	TSALP1
  4033 00001A6E C3                      	RET				; End of string - Return
  4034                                  TSALP1:
  4035 00001A6F 87D9                    	XCHG	BX,CX
  4036 00001A71 8A07                    	MOV	AL,[BX]
  4037 00001A73 87D9                    	XCHG	BX,CX			; Get source
  4038 00001A75 87DA                    	XCHG	BX,DX
  4039 00001A77 8807                    	MOV	[BX],AL
  4040 00001A79 87DA                    	XCHG	BX,DX			; Save destination
  4041                                  ;	LAHF
  4042 00001A7B 41                      	INC	CX			; Next source
  4043                                  ;	SAHF
  4044                                  ;	LAHF
  4045 00001A7C 42                      	INC	DX			; Next destination
  4046                                  ;	SAHF
  4047 00001A7D EBEB                    	JMP	TSALP			; Loop until string moved
  4048                                  ;
  4049                                  GETSTR:
  4050 00001A7F E825F7                  	CALL	TSTSTR			; Make sure it's a strig
  4051                                  GSTRCU:
  4052 00001A82 8B1E2E41                	MOV	BX,[FPREG]		; Get current string
  4053                                  GSTRHL:
  4054 00001A86 87DA                    	XCHG	BX,DX			; Save DE
  4055                                  GSTRDE:
  4056 00001A88 E82000                  	CALL	BAKTMP			; Was it last tmp-str?
  4057 00001A8B 87DA                    	XCHG	BX,DX			; Restore DE
  4058 00001A8D 7401                    	JZ	GSTRDE1
  4059 00001A8F C3                      	RET				; No - Return
  4060                                  GSTRDE1:
  4061 00001A90 52                      	PUSH	DX			; Save string
  4062 00001A91 88EE                    	MOV	DH,CH			; String block address to DE
  4063 00001A93 88CA                    	MOV	DL,CL
  4064                                  ;	LAHF
  4065 00001A95 4A                      	DEC	DX			; Point to length
  4066                                  ;	SAHF
  4067 00001A96 8A0F                    	MOV	CL,[BX]			; Get string length
  4068 00001A98 8B1E0D41                	MOV	BX,[STRBOT]		; Current bottom of string area
  4069 00001A9C E80CEF                  	CALL	CPDEHL			; Last one in string area?
  4070 00001A9F 7508                    	JNZ	POPHL			; No - Return
  4071 00001AA1 88C5                    	MOV	CH,AL			; Clear B (A=0)
  4072 00001AA3 01CB                    	ADD	BX,CX			; Remove string from string area
  4073 00001AA5 891E0D41                	MOV	[STRBOT],BX		; Save new bottom of string area
  4074                                  POPHL:
  4075 00001AA9 5B                      	POP	BX			; Restore string
  4076 00001AAA C3                      	RET
  4077                                  ;
  4078                                  BAKTMP:
  4079 00001AAB 8B1EFB40                	MOV	BX,[TMSTPT]		; Get temporary string pool top
  4080                                  ;	LAHF
  4081 00001AAF 4B                      	DEC	BX			; Back
  4082                                  ;	SAHF
  4083 00001AB0 8A2F                    	MOV	CH,[BX]			; Get MSB of address
  4084                                  ;	LAHF
  4085 00001AB2 4B                      	DEC	BX			; Back
  4086                                  ;	SAHF
  4087 00001AB3 8A0F                    	MOV	CL,[BX]			; Get LSB of address
  4088                                  ;	LAHF
  4089 00001AB5 4B                      	DEC	BX			; Back
  4090                                  ;	SAHF
  4091                                  ;	LAHF
  4092 00001AB6 4B                      	DEC	BX			; Back
  4093                                  ;	SAHF
  4094 00001AB7 E8F1EE                  	CALL	CPDEHL			; String last in string pool?
  4095 00001ABA 7401                    	JZ	BAKTMP1
  4096 00001ABC C3                      	RET				; Yes - Leave it
  4097                                  BAKTMP1:
  4098 00001ABD 891EFB40                	MOV	[TMSTPT],BX		; Save new string pool top
  4099 00001AC1 C3                      	RET
  4100                                  ;
  4101                                  LEN:
  4102 00001AC2 B9[2717]                	MOV	CX,PASSA		; To return integer A
  4103 00001AC5 51                      	PUSH	CX			; Save address
  4104                                  GETLEN:
  4105 00001AC6 E8B6FF                  	CALL	GETSTR			; Get string and its length
  4106 00001AC9 30C0                    	XOR	AL,AL
  4107 00001ACB 88C6                    	MOV	DH,AL			; Clear D
  4108 00001ACD A2F740                  	MOV	[TYPE],AL		; Set type to numeric
  4109 00001AD0 8A07                    	MOV	AL,[BX]			; Get length of string
  4110 00001AD2 08C0                    	OR	AL,AL			; Set status flags
  4111 00001AD4 C3                      	RET
  4112                                  ;
  4113                                  ASC:
  4114 00001AD5 B9[2717]                	MOV	CX,PASSA		; To return integer A
  4115 00001AD8 51                      	PUSH	CX			; Save address
  4116                                  GTFLNM:
  4117 00001AD9 E8EAFF                  	CALL	GETLEN			; Get length of string
  4118 00001ADC 7503                    	JNZ	GTFLNM1			; Null string - Error
  4119 00001ADE E9FEF1                  	JMP	FCERR
  4120                                  GTFLNM1:
  4121                                  ;	LAHF
  4122 00001AE1 43                      	INC	BX
  4123                                  ;	SAHF
  4124                                  ;	LAHF
  4125 00001AE2 43                      	INC	BX
  4126                                  ;	SAHF
  4127 00001AE3 8A17                    	MOV	DL,[BX]			; Get LSB of address
  4128                                  ;	LAHF
  4129 00001AE5 43                      	INC	BX
  4130                                  ;	SAHF
  4131 00001AE6 8A37                    	MOV	DH,[BX]			; Get MSB of address
  4132 00001AE8 87DA                    	XCHG	BX,DX
  4133 00001AEA 8A07                    	MOV	AL,[BX]
  4134 00001AEC 87DA                    	XCHG	BX,DX			; Get first byte of string
  4135 00001AEE C3                      	RET
  4136                                  ;
  4137                                  CHR:
  4138 00001AEF B001                    	MOV	AL,1			; One character string
  4139 00001AF1 E834FD                  	CALL	MKTMST			; Make a temporary string
  4140 00001AF4 E83001                  	CALL	MAKINT			; Make it integer A
  4141 00001AF7 8B1E0B41                	MOV	BX,[TMPSTR+2]		; Get address of string
  4142 00001AFB 8817                    	MOV	[BX],DL			; Save character
  4143                                  TOPOOL:
  4144 00001AFD 59                      	POP	CX			; Clean up stack
  4145 00001AFE E972FD                  	JMP	TSTOPL			; Temporary string to pool
  4146                                  ;
  4147                                  LEFT:
  4148 00001B01 E8CD00                  	CALL	LFRGNM			; Get number and ending ")"
  4149 00001B04 30C0                    	XOR	AL,AL			; Start at first byte in string
  4150                                  RIGHT1:
  4151 00001B06 89E5                    	MOV	BP,SP
  4152 00001B08 875E00                  	XCHG	[BP],BX			; Save code string,Get string
  4153 00001B0B 88C1                    	MOV	CL,AL			; Starting position in string
  4154                                  MID1:
  4155 00001B0D 53                      	PUSH	BX			; Save string block address
  4156 00001B0E 8A07                    	MOV	AL,[BX]			; Get length of string
  4157 00001B10 38E8                    	CMP	AL,CH			; Compare with number given
  4158 00001B12 7204                    	JC	ALLFOL			; All following bytes required
  4159 00001B14 88E8                    	MOV	AL,CH			; Get new length
  4160 00001B16 EB02                    	JMP	ALLFOL1			; Skip "LD C,0"
  4161                                  ALLFOL:
  4162 00001B18 B100                    	MOV	CL,0			; First byte of string
  4163                                  ALLFOL1:
  4164 00001B1A 51                      	PUSH	CX			; Save position in string
  4165 00001B1B E8A2FD                  	CALL	TESTR			; See if enough string space
  4166 00001B1E 59                      	POP	CX			; Get position in string
  4167 00001B1F 5B                      	POP	BX			; Restore string block address
  4168 00001B20 53                      	PUSH	BX			; And re-save it
  4169                                  ;	LAHF
  4170 00001B21 43                      	INC	BX
  4171                                  ;	SAHF
  4172                                  ;	LAHF
  4173 00001B22 43                      	INC	BX
  4174                                  ;	SAHF
  4175 00001B23 8A2F                    	MOV	CH,[BX]			; Get LSB of address
  4176                                  ;	LAHF
  4177 00001B25 43                      	INC	BX
  4178                                  ;	SAHF
  4179 00001B26 8A3F                    	MOV	BH,[BX]			; Get MSB of address
  4180 00001B28 88EB                    	MOV	BL,CH			; HL = address of string
  4181 00001B2A B500                    	MOV	CH,0			; BC = starting address
  4182 00001B2C 01CB                    	ADD	BX,CX			; Point to that byte
  4183 00001B2E 89D9                    	MOV	CX,BX			; BC = source string
  4184 00001B30 E8F8FC                  	CALL	CRTMST			; Create a string entry
  4185 00001B33 88C3                    	MOV	BL,AL			; Length of new string
  4186 00001B35 E830FF                  	CALL	TOSTRA			; Move string to string
  4187 00001B38 5A                      	POP	DX			; Clear stack
  4188 00001B39 E84CFF                  	CALL	GSTRDE			; Move to string pool if needed
  4189 00001B3C E934FD                  	JMP	TSTOPL			; Temporary string to pool
  4190                                  ;
  4191                                  RIGHT:
  4192 00001B3F E88F00                  	CALL	LFRGNM			; Get number and ending ")"
  4193 00001B42 5A                      	POP	DX			; Get string length
  4194 00001B43 52                      	PUSH	DX			; And re-save
  4195 00001B44 87DA                    	XCHG	BX,DX
  4196 00001B46 8A07                    	MOV	AL,[BX]
  4197 00001B48 87DA                    	XCHG	BX,DX			; Get length
  4198 00001B4A 28E8                    	SUB	AL,CH			; Move back N bytes
  4199 00001B4C EBB8                    	JMP	RIGHT1			; Go and get sub-string
  4200                                  ;
  4201                                  MID:
  4202 00001B4E 87DA                    	XCHG	BX,DX			; Get code string addre
  4203 00001B50 8A07                    	MOV	AL,[BX]			; Get next byte ',' or ")"
  4204 00001B52 E88200                  	CALL	MIDNUM			; Get number supplied
  4205 00001B55 FEC5                    	INC	CH			; Is it character zero?
  4206 00001B57 FECD                    	DEC	CH
  4207 00001B59 7503                    	JNZ	MID2			; Yes - Error
  4208 00001B5B E981F1                  	JMP	FCERR
  4209                                  MID2:
  4210 00001B5E 51                      	PUSH	CX			; Save starting position
  4211 00001B5F B2FF                    	MOV	DL,255				; All of string
  4212 00001B61 3C29                    	CMP	AL,')'			; Any length given?
  4213 00001B63 7407                    	JZ	RSTSTR			; No - Rest of string
  4214 00001B65 E84FEE                  	CALL	CHKSYN			; Make sure ',' follows
  4215 00001B68 2C                      	DB	','
  4216 00001B69 E8B800                  	CALL	GETINT			; Get integer 0-255
  4217                                  RSTSTR:
  4218 00001B6C E848EE                  	CALL	CHKSYN			; Make sure ")" follows
  4219 00001B6F 29                      	DB	")"
  4220 00001B70 58                      	POP	AX			; Restore starting posion
  4221 00001B71 86E0                    	XCHG	AH,AL
  4222                                  ;	SAHF
  4223 00001B73 89E5                    	MOV	BP,SP
  4224 00001B75 875E00                  	XCHG	[BP],BX			; Get string,8ave code string
  4225 00001B78 B9[0D1B]                	MOV	CX,MID1			; Continuation of MID$ routine
  4226 00001B7B 51                      	PUSH	CX			; Save for return
  4227 00001B7C FEC8                    	DEC	AL			; Starting position-1
  4228 00001B7E 3A07                    	CMP	AL,[BX]			; Compare with length
  4229 00001B80 B500                    	MOV	CH,0			; Zero bytes length
  4230 00001B82 7201                    	JC	RSTSTR1
  4231 00001B84 C3                      	RET				; Null string if start past end
  4232                                  RSTSTR1:
  4233 00001B85 88C1                    	MOV	CL,AL			; Save starting position -1
  4234 00001B87 8A07                    	MOV	AL,[BX]			; Get length of string
  4235 00001B89 28C8                    	SUB	AL,CL			; Subtract start
  4236 00001B8B 38D0                    	CMP	AL,DL			; Enough string for it?
  4237 00001B8D 88C5                    	MOV	CH,AL			; Save maximum length available
  4238 00001B8F 7301                    	JNC	RSTSTR2
  4239 00001B91 C3                      	RET				; Truncate string if needed
  4240                                  RSTSTR2:
  4241 00001B92 88D5                    	MOV	CH,DL			; Set specified length
  4242 00001B94 C3                      	RET				; Go and create string
  4243                                  ;
  4244                                  VAL:
  4245 00001B95 E82EFF                  	CALL	GETLEN			; Get length of string
  4246 00001B98 7503                    	JNZ	VAL0
  4247 00001B9A E96E01                  	JMP	RESZER			; Result zero
  4248                                  VAL0:
  4249 00001B9D 88C2                    	MOV	DL,AL			; Save length
  4250                                  ;	LAHF
  4251 00001B9F 43                      	INC	BX
  4252                                  ;	SAHF
  4253                                  ;	LAHF
  4254 00001BA0 43                      	INC	BX
  4255                                  ;	SAHF
  4256 00001BA1 8A07                    	MOV	AL,[BX]			; Get LSB of address
  4257                                  ;	LAHF
  4258 00001BA3 43                      	INC	BX
  4259                                  ;	SAHF
  4260 00001BA4 8A3F                    	MOV	BH,[BX]			; Get MSB of address
  4261 00001BA6 88C3                    	MOV	BL,AL			; HL = String address
  4262 00001BA8 53                      	PUSH	BX			; Save string address
  4263 00001BA9 01D3                    	ADD	BX,DX
  4264 00001BAB 8A2F                    	MOV	CH,[BX]			; Get end of string+1 byte
  4265 00001BAD 8837                    	MOV	[BX],DH			; Zero it to terminate
  4266 00001BAF 89E5                    	MOV	BP,SP
  4267 00001BB1 875E00                  	XCHG	[BP],BX			; Save string end,get start
  4268 00001BB4 51                      	PUSH	CX			; Save end+1 byte
  4269 00001BB5 8A07                    	MOV	AL,[BX]			; Get starting byte
  4270 00001BB7 3C24                    	CMP	AL,'$'			; Hex number indicated?
  4271 00001BB9 7505                    	JNZ	VAL1
  4272 00001BBB E8E70A                  	CALL	HEXTFP			; Convert Hex to FPREG
  4273 00001BBE EB0C                    	JMP	VAL3
  4274                                  VAL1:
  4275 00001BC0 3C25                    	CMP	AL,'%'			; Binary number indicated?
  4276 00001BC2 7505                    	JNZ	VAL2
  4277 00001BC4 E8620B                  	CALL	BINTFP			; Convert Bin to FPREG
  4278 00001BC7 EB03                    	JMP	VAL3
  4279                                  VAL2:
  4280 00001BC9 E88305                  	CALL	ASCTFP			; Convert ASCII string to FP
  4281                                  VAL3:
  4282 00001BCC 59                      	POP	CX			; Restore end+1 byte
  4283 00001BCD 5B                      	POP	BX			; Restore end+1 address
  4284 00001BCE 882F                    	MOV	[BX],CH			; Put back original byte
  4285 00001BD0 C3                      	RET
  4286                                  ;
  4287                                  LFRGNM:
  4288 00001BD1 87DA                    	XCHG	BX,DX			; Code string address to HL
  4289 00001BD3 E8E1ED                  	CALL	CHKSYN			; Make sure ")" follows
  4290 00001BD6 29                      	DB	")"
  4291                                  MIDNUM:
  4292 00001BD7 59                      	POP	CX			; Get return address
  4293 00001BD8 5A                      	POP	DX			; Get number supplied
  4294 00001BD9 51                      	PUSH	CX			; Re-save return address
  4295 00001BDA 88D5                    	MOV	CH,DL			; Number to B
  4296 00001BDC C3                      	RET
  4297                                  ;
  4298                                  INP:
  4299 00001BDD E84700                  	CALL	MAKINT			; Make it integer A
  4300 00001BE0 A28940                  	MOV	[INPORT],AL		; Set input port
  4301 00001BE3 E8(8840)                	CALL	INPSUB			; Get input from port
  4302 00001BE6 E93EFB                  	JMP	PASSA			; Return integer A
  4303                                  ;
  4304                                  POUT:
  4305 00001BE9 E82600                  	CALL	SETIO			; Set up port number
  4306 00001BEC E9(4B40)                	JMP	OUTSUB			; Output data and return
  4307                                  ;
  4308                                  _WAIT:
  4309 00001BEF E82000                  	CALL	SETIO			; Set up port number
  4310 00001BF2 9F                      	LAHF
  4311 00001BF3 86E0                    	XCHG	AH,AL
  4312 00001BF5 50                      	PUSH	AX			; Save AND mask
  4313 00001BF6 86E0                    	XCHG	AH,AL
  4314 00001BF8 B200                    	MOV	DL,0			; Assume zero if none given
  4315                                  ;	LAHF
  4316 00001BFA 4B                      	DEC	BX			; DEC 'cos GETCHR INCs
  4317                                  ;	SAHF
  4318 00001BFB E8D2EF                  	CALL	GETCHR			; Get next character
  4319 00001BFE 7407                    	JZ	NOXOR			; No XOR byte given
  4320 00001C00 E8B4ED                  	CALL	CHKSYN			; Make sure ',' follows
  4321 00001C03 2C                      	DB	','
  4322 00001C04 E81D00                  	CALL	GETINT			; Get integer 0-255 to XOR with
  4323                                  NOXOR:
  4324 00001C07 59                      	POP	CX			; Restore AND mask
  4325                                  WAITLP:
  4326 00001C08 E8(8840)                	CALL	INPSUB			; Get input
  4327 00001C0B 30D0                    	XOR	AL,DL			; Flip selected bits
  4328 00001C0D 20E8                    	AND	AL,CH			; Result non-zero?
  4329 00001C0F 74F7                    	JZ	WAITLP			; No = keep waiting
  4330 00001C11 C3                      	RET
  4331                                  ;
  4332                                  SETIO:
  4333 00001C12 E80F00                  	CALL	GETINT			; Get integer 0-255
  4334 00001C15 A28940                  	MOV	[INPORT],AL		; Set input port
  4335 00001C18 A24C40                  	MOV	[OTPORT],AL		; Set output port
  4336 00001C1B E899ED                  	CALL	CHKSYN			; Make sure ',' follows
  4337 00001C1E 2C                      	DB	','
  4338 00001C1F EB03                    	JMP	GETINT			; Get integer 0-255 and return
  4339                                  ;
  4340                                  FNDNUM:
  4341 00001C21 E8ACEF                  	CALL	GETCHR			; Get next character
  4342                                  GETINT:
  4343 00001C24 E879F5                  	CALL	GETNUM			; Get a number from 0 to 255
  4344                                  MAKINT:
  4345 00001C27 E896F0                  	CALL	DEPINT			; Make sure value 0 - 255
  4346 00001C2A 88F0                    	MOV	AL,DH			; Get MSB of number
  4347 00001C2C 08C0                    	OR	AL,AL			; Zero?
  4348 00001C2E 7403                    	JZ	MAKINT1			; No - Error
  4349 00001C30 E9ACF0                  	JMP	FCERR
  4350                                  MAKINT1:
  4351                                  ;	LAHF
  4352 00001C33 4B                      	DEC	BX			; DEC 'cos GETCHR INCs
  4353                                  ;	SAHF
  4354 00001C34 E899EF                  	CALL	GETCHR			; Get next character
  4355 00001C37 88D0                    	MOV	AL,DL			; Get number to A
  4356 00001C39 C3                      	RET
  4357                                  ;
  4358                                  PEEK:
  4359 00001C3A E888F0                  	CALL	DEINT			; Get memory address
  4360 00001C3D 87DA                    	XCHG	BX,DX
  4361 00001C3F 8A07                    	MOV	AL,[BX]			; Get byte in memory
  4362 00001C41 87DA                    	XCHG	BX,DX
  4363 00001C43 E9E1FA                  	JMP	PASSA			; Return integer A
  4364                                  ;
  4365                                  POKE:
  4366 00001C46 E857F5                  	CALL	GETNUM			; Get memory address
  4367 00001C49 E879F0                  	CALL	DEINT			; Get integer -32768 to 32767
  4368 00001C4C 52                      	PUSH	DX			; Save memory address
  4369 00001C4D E867ED                  	CALL	CHKSYN			; Make sure ',' follows
  4370 00001C50 2C                      	DB	','
  4371 00001C51 E8D0FF                  	CALL	GETINT			; Get integer 0-255
  4372 00001C54 5A                      	POP	DX			; Restore memory address
  4373 00001C55 87DA                    	XCHG	BX,DX
  4374 00001C57 8807                    	MOV	[BX],AL
  4375 00001C59 87DA                    	XCHG	BX,DX			; Load it into memory
  4376 00001C5B C3                      	RET
  4377                                  ;
  4378                                  ROUND:
  4379 00001C5C BB[5A23]                	MOV	BX,HALF			; Add 0.5 to FPREG
  4380                                  ADDPHL:
  4381 00001C5F E8BF03                  	CALL	LOADFP			; Load FP at (HL) to BCDE
  4382 00001C62 EB0A                    	JMP	FPADD			; Add BCDE to FPREG
  4383                                  ;
  4384                                  SUBPHL:
  4385 00001C64 E8BA03                  	CALL	LOADFP			; FPREG = -FPREG + number at HL
  4386 00001C67 EB02                    	JMP	SUBCDE			; Skip "POP CX" and "POP DX"
  4387                                  PSUB:
  4388 00001C69 59                      	POP	CX			; Get FP number from stack
  4389 00001C6A 5A                      	POP	DX
  4390                                  SUBCDE:
  4391 00001C6B E87B03                  	CALL	INVSGN			; Negate FPREG
  4392                                  FPADD:
  4393 00001C6E 88E8                    	MOV	AL,CH			; Get FP exponent
  4394 00001C70 08C0                    	OR	AL,AL			; Is number zero?
  4395 00001C72 7501                    	JNZ	FPADD1
  4396 00001C74 C3                      	RET				; Yes - Nothing to add
  4397                                  FPADD1:
  4398 00001C75 A03141                  	MOV	AL,[FPEXP]		; Get FPREG exponent
  4399 00001C78 08C0                    	OR	AL,AL           	; Is this number zero?
  4400 00001C7A 7503                    	JNZ	FPADD2			; Yes - Move BCDE to FPREQ
  4401 00001C7C E99003                  	JMP	FPBCDE
  4402                                  FPADD2:
  4403 00001C7F 28E8                    	SUB	AL,CH			; BCDE number larger?
  4404 00001C81 7310                    	JNC	NOSWAP			; No - Don't swap them
  4405 00001C83 F6D0                    	NOT	AL			; Two's complement
  4406 00001C85 FEC0                    	INC	AL			; FP exponent
  4407 00001C87 87DA                    	XCHG	BX,DX
  4408 00001C89 E86703                  	CALL	STAKFP			; Put FPREG on stack
  4409 00001C8C 87DA                    	XCHG	BX,DX
  4410 00001C8E E87E03                  	CALL	FPBCDE			; Move BCDE to FPREG
  4411 00001C91 59                      	POP	CX			; Restore number from stack
  4412 00001C92 5A                      	POP	DX
  4413                                  NOSWAP:
  4414 00001C93 3C19                    	CMP	AL,24+1			; Second number insignificant?
  4415 00001C95 7201                    	JC	NOSWAP1
  4416 00001C97 C3                      	RET				; Yes - First number is result
  4417                                  NOSWAP1:
  4418 00001C98 9F                      	LAHF
  4419 00001C99 86E0                    	XCHG	AH,AL
  4420 00001C9B 50                      	PUSH	AX			; Save number of bits to scale
  4421 00001C9C 86E0                    	XCHG	AH,AL
  4422 00001C9E E8A503                  	CALL	SIGNS			; Set MSBs & sign of result
  4423 00001CA1 88C7                    	MOV	BH,AL			; Save sign of result
  4424 00001CA3 58                      	POP	AX			; Restore scaling factor
  4425 00001CA4 86E0                    	XCHG	AH,AL
  4426 00001CA6 9E                      	SAHF
  4427 00001CA7 E80101                  	CALL	SCALE			; Scale BCDE to same exponent
  4428 00001CAA 08F8                    	OR	AL,BH			; Result to be positive?
  4429 00001CAC BB2E41                  	MOV	BX,FPREG		; Point to FPREG
  4430 00001CAF 7919                    	JNS	MINCDE			; No - Subtract FPREG from CDE
  4431 00001CB1 E8BA00                  	CALL	PLUCDE			; Add FPREG to CDE
  4432 00001CB4 7203                    	JC	NOSWAP2			; No overflow - Round it up
  4433 00001CB6 E98000                  	JMP	RONDUP
  4434                                  NOSWAP2:
  4435 00001CB9 9F                      	LAHF
  4436 00001CBA 43                      	INC	BX			; Point to exponent
  4437 00001CBB 9E                      	SAHF
  4438 00001CBC FE07                    	INC	BYTE [BX]		; Increment it
  4439 00001CBE 7503                    	JNZ	NOSWAP3			; Number overflowed - Error
  4440 00001CC0 E956E9                  	JMP	OVERR
  4441                                  NOSWAP3:
  4442 00001CC3 B301                    	MOV	BL,1			; 1 bit to shift right
  4443 00001CC5 E80001                  	CALL	SHRT1			; Shift result right
  4444 00001CC8 EB6F                    	JMP	RONDUP			; Round it up
  4445                                  ;
  4446                                  MINCDE:
  4447 00001CCA 30C0                    	XOR	AL,AL			; Clear A and carry
  4448 00001CCC 28E8                    	SUB	AL,CH			; Negate exponent
  4449 00001CCE 88C5                    	MOV	CH,AL			; Re-save exponent
  4450 00001CD0 8A07                    	MOV	AL,[BX]			; Get LSB of FPREG
  4451 00001CD2 18D0                    	SBB	AL,DL			; Subtract LSB of BCDE
  4452 00001CD4 88C2                    	MOV	DL,AL			; Save LSB of BCDE
  4453 00001CD6 9F                      	LAHF
  4454 00001CD7 43                      	INC	BX
  4455 00001CD8 9E                      	SAHF
  4456 00001CD9 8A07                    	MOV	AL,[BX]			; Get NMSB of FPREG
  4457 00001CDB 18F0                    	SBB	AL,DH			; Subtract NMSB of BCDE
  4458 00001CDD 88C6                    	MOV	DH,AL			; Save NMSB of BCDE
  4459 00001CDF 9F                      	LAHF
  4460 00001CE0 43                      	INC	BX
  4461 00001CE1 9E                      	SAHF
  4462 00001CE2 8A07                    	MOV	AL,[BX]			; Get MSB of FPREG
  4463 00001CE4 18C8                    	SBB	AL,CL			; Subtract MSB of BCDE
  4464 00001CE6 88C1                    	MOV	CL,AL			; Save MSB of BCDE
  4465                                  CONPOS:
  4466 00001CE8 7303                    	JNC	BNORM
  4467 00001CEA E89A00                  	CALL	COMPL			; Overflow - Make it positive
  4468                                  ;
  4469                                  BNORM:
  4470 00001CED 88EB                    	MOV	BL,CH			; L = Exponent
  4471 00001CEF 88D7                    	MOV	BH,DL			; H = LSB
  4472 00001CF1 30C0                    	XOR	AL,AL
  4473                                  BNRMLP:
  4474 00001CF3 88C5                    	MOV	CH,AL			; Save bit count
  4475 00001CF5 88C8                    	MOV	AL,CL			; Get MSB
  4476 00001CF7 08C0                    	OR	AL,AL			; Is it zero?
  4477 00001CF9 7526                    	JNZ	PNORM			; No - Do it bit at a time
  4478 00001CFB 88F1                    	MOV	CL,DH			; MSB = NMSB
  4479 00001CFD 88FE                    	MOV	DH,BH			; NMSB= LSB
  4480 00001CFF 88DF                    	MOV	BH,BL			; LSB = VLSB
  4481 00001D01 88C3                    	MOV	BL,AL			; VLSB= 0
  4482 00001D03 88E8                    	MOV	AL,CH			; Get exponent
  4483 00001D05 2C08                    	SUB	AL,8			; Count 8 bits
  4484 00001D07 3CE0                    	CMP	AL,-24-8		; Was number zero?
  4485 00001D09 75E8                    	JNZ	BNRMLP			; No - Keep normalising
  4486                                  RESZER:
  4487 00001D0B 30C0                    	XOR	AL,AL			; Result is zero
  4488                                  SAVEXP:
  4489 00001D0D A23141                  	MOV	[FPEXP],AL		; Save result as zero
  4490 00001D10 C3                      	RET
  4491                                  ;
  4492                                  NORMAL:
  4493 00001D11 FECD                    	DEC	CH			; Count bits
  4494 00001D13 01DB                    	ADD	BX,BX			; Shift HL left
  4495 00001D15 88F0                    	MOV	AL,DH			; Get NMSB
  4496 00001D17 D0D0                    	RCL	AL,1			; Shift left with last bit
  4497 00001D19 88C6                    	MOV	DH,AL			; Save NMSB
  4498 00001D1B 88C8                    	MOV	AL,CL			; Get MSB
  4499 00001D1D 10C0                    	ADC	AL,AL			; Shift left with last bit
  4500 00001D1F 88C1                    	MOV	CL,AL			; Save MSB
  4501                                  PNORM:
  4502 00001D21 79EE                    	JNS	NORMAL			; Not done - Keep going
  4503 00001D23 88E8                    	MOV	AL,CH			; Number of bits shifted
  4504 00001D25 88FA                    	MOV	DL,BH			; Save HL in EB
  4505 00001D27 88DD                    	MOV	CH,BL
  4506 00001D29 08C0                    	OR	AL,AL			; Any shifting done?
  4507 00001D2B 740C                    	JZ	RONDUP			; No - Round it up
  4508 00001D2D BB3141                  	MOV	BX,FPEXP		; Point to exponent
  4509 00001D30 0207                    	ADD	AL,[BX]			; Add shifted bits
  4510 00001D32 8807                    	MOV	[BX],AL			; Re-save exponent
  4511 00001D34 73D5                    	JNC	RESZER			; Underflow - Result is zero
  4512 00001D36 7501                    	JNZ	RONDUP
  4513 00001D38 C3                      	RET				; Result is zero
  4514                                  RONDUP:
  4515 00001D39 88E8                    	MOV	AL,CH			; Get VLSB of number
  4516                                  RONDB:
  4517 00001D3B BB3141                  	MOV	BX,FPEXP		; Point to exponent
  4518 00001D3E 08C0                    	OR	AL,AL			; Any rounding?
  4519 00001D40 7903                    	JNS	RONDB1
  4520 00001D42 E81000                  	CALL	FPROND			; Yes - Round number up
  4521                                  RONDB1:
  4522 00001D45 8A2F                    	MOV	CH,[BX]			; B = Exponent
  4523 00001D47 9F                      	LAHF
  4524 00001D48 43                      	INC	BX
  4525 00001D49 9E                      	SAHF
  4526 00001D4A 8A07                    	MOV	AL,[BX]			; Get sign of result
  4527 00001D4C 2480                    	AND	AL,10000000B		; Only bit 7 needed
  4528 00001D4E 30C8                    	XOR	AL,CL			; Set correct sign
  4529 00001D50 88C1                    	MOV	CL,AL			; Save correct sign in number
  4530 00001D52 E9BA02                  	JMP	FPBCDE			; Move BCDE to FPREG
  4531                                  ;
  4532                                  FPROND:
  4533 00001D55 FEC2                    	INC	DL			; Round LSB
  4534 00001D57 7401                    	JZ	FPROND1
  4535 00001D59 C3                      	RET				; Return if ok
  4536                                  FPROND1:
  4537 00001D5A FEC6                    	INC	DH			; Round NMSB
  4538 00001D5C 7401                    	JZ	FPROND2
  4539 00001D5E C3                      	RET				; Return if ok
  4540                                  FPROND2:
  4541 00001D5F FEC1                    	INC	CL			; Round MSB
  4542 00001D61 7401                    	JZ	FPROND3
  4543 00001D63 C3                      	RET				; Return if ok
  4544                                  FPROND3:
  4545 00001D64 B180                    	MOV	CL,80H			; Set normal value
  4546 00001D66 FE07                    	INC	BYTE [BX]		; Increment exponent
  4547 00001D68 7401                    	JZ	FPROND4
  4548 00001D6A C3                      	RET				; Return if ok
  4549                                  FPROND4:
  4550 00001D6B E9ABE8                  	JMP	OVERR			; Overflow error
  4551                                  ;
  4552                                  PLUCDE:
  4553 00001D6E 8A07                    	MOV	AL,[BX]			; Get LSB of FPREG
  4554 00001D70 00D0                    	ADD	AL,DL			; Add LSB of BCDE
  4555 00001D72 88C2                    	MOV	DL,AL			; Save LSB of BCDE
  4556 00001D74 9F                      	LAHF
  4557 00001D75 43                      	INC	BX
  4558 00001D76 9E                      	SAHF
  4559 00001D77 8A07                    	MOV	AL,[BX]			; Get NMSB of FPREG
  4560 00001D79 10F0                    	ADC	AL,DH			; Add NMSB of BCDE
  4561 00001D7B 88C6                    	MOV	DH,AL			; Save NMSB of BCDE
  4562 00001D7D 9F                      	LAHF
  4563 00001D7E 43                      	INC	BX
  4564 00001D7F 9E                      	SAHF
  4565 00001D80 8A07                    	MOV	AL,[BX]			; Get MSB of FPREG
  4566 00001D82 10C8                    	ADC	AL,CL			; Add MSB of BCDE
  4567 00001D84 88C1                    	MOV	CL,AL			; Save MSB of BCDE
  4568 00001D86 C3                      	RET
  4569                                  ;
  4570                                  COMPL:
  4571 00001D87 BB3241                  	MOV	BX,SGNRES		; Sign of result
  4572 00001D8A 8A07                    	MOV	AL,[BX]			; Get sign of result
  4573 00001D8C F6D0                    	NOT	AL			; Negate it
  4574 00001D8E 8807                    	MOV	[BX],AL			; Put it back
  4575 00001D90 30C0                    	XOR	AL,AL
  4576 00001D92 88C3                    	MOV	BL,AL			; Set L to zero
  4577 00001D94 28E8                    	SUB	AL,CH			; Negate exponent,set carry
  4578 00001D96 88C5                    	MOV	CH,AL			; Re-save exponent
  4579 00001D98 88D8                    	MOV	AL,BL			; Load zero
  4580 00001D9A 18D0                    	SBB	AL,DL			; Negate LSB
  4581 00001D9C 88C2                    	MOV	DL,AL			; Re-save LSB
  4582 00001D9E 88D8                    	MOV	AL,BL			; Load zero
  4583 00001DA0 18F0                    	SBB	AL,DH			; Negate NMSB
  4584 00001DA2 88C6                    	MOV	DH,AL			; Re-save NMSB
  4585 00001DA4 88D8                    	MOV	AL,BL			; Load zero
  4586 00001DA6 18C8                    	SBB	AL,CL			; Negate MSB
  4587 00001DA8 88C1                    	MOV	CL,AL			; Re-save MSB
  4588 00001DAA C3                      	RET
  4589                                  ;
  4590                                  SCALE:
  4591 00001DAB B500                    	MOV	CH,0			; Clear underflow
  4592                                  SCALLP:
  4593 00001DAD 2C08                    	SUB	AL,8			; 8 bits (a whole byte)?
  4594 00001DAF 720A                    	JC	SHRITE			; No - Shift right A bits
  4595 00001DB1 88D5                    	MOV	CH,DL			; <- Shift
  4596 00001DB3 88F2                    	MOV	DL,DH			; <- right
  4597 00001DB5 88CE                    	MOV	DH,CL			; <- eight
  4598 00001DB7 B100                    	MOV	CL,0			; <- bits
  4599 00001DB9 EBF2                    	JMP	SCALLP			; More bits to shift
  4600                                  ;
  4601                                  SHRITE:
  4602 00001DBB 0409                    	ADD	AL,8+1			; Adjust count
  4603 00001DBD 88C3                    	MOV	BL,AL			; Save bits to shift
  4604                                  SHRLP:
  4605 00001DBF 30C0                    	XOR	AL,AL			; Flag for all done
  4606 00001DC1 FECB                    	DEC	BL			; All shifting done?
  4607 00001DC3 7501                    	JNZ	SHRLP1
  4608 00001DC5 C3                      	RET				; Yes - Return
  4609                                  SHRLP1:
  4610 00001DC6 88C8                    	MOV	AL,CL			; Get MSB
  4611                                  SHRT1:
  4612 00001DC8 D0D8                    	RCR	AL,1			; Shift it right
  4613 00001DCA 88C1                    	MOV	CL,AL			; Re-save
  4614 00001DCC 88F0                    	MOV	AL,DH			; Get NMSB
  4615 00001DCE D0D8                    	RCR	AL,1			; Shift right with last bit
  4616 00001DD0 88C6                    	MOV	DH,AL			; Re-save it
  4617 00001DD2 88D0                    	MOV	AL,DL			; Get LSB
  4618 00001DD4 D0D8                    	RCR	AL,1			; Shift right with last bit
  4619 00001DD6 88C2                    	MOV	DL,AL			; Re-save it
  4620 00001DD8 88E8                    	MOV	AL,CH			; Get underflow
  4621 00001DDA D0D8                    	RCR	AL,1			; Shift right with last bit
  4622 00001DDC 88C5                    	MOV	CH,AL			; Re-save underflow
  4623 00001DDE EBDF                    	JMP	SHRLP			; More bits to do
  4624                                  ;
  4625                                  UNITY:
  4626 00001DE0 00000081                	DB	000H,000H,000H,081H 	; 1.00000
  4627                                  ;
  4628                                  LOGTAB:
  4629 00001DE4 03                      	DB	3           		; Table used by LOG
  4630 00001DE5 AA561980                	DB	0AAH,056H,019H,080H	; 0.59898
  4631 00001DE9 F1227680                	DB	0F1H,022H,076H,080H	; 0.96147
  4632 00001DED 45AA3882                	DB	045H,0AAH,038H,082H	; 2.88539
  4633                                  ;
  4634                                  LOG:
  4635 00001DF1 E8BA01                  	CALL	TSTSGN			; Test sign of value
  4636 00001DF4 08C0                    	OR	AL,AL
  4637 00001DF6 7B03                    	JPO	LOG1			; ?FC Error if <= zero	JP PE,FCERR
  4638 00001DF8 E9E4EE                  	JMP	FCERR
  4639                                  LOG1:
  4640 00001DFB BB3141                  	MOV	BX,FPEXP		; Point to exponent
  4641 00001DFE 8A07                    	MOV	AL,[BX]			; Get exponent
  4642 00001E00 B93580                  	MOV	CX,8035H		; BCDE = SQR(1/2)
  4643 00001E03 BAF304                  	MOV	DX,04F3H
  4644 00001E06 28E8                    	SUB	AL,CH			; Scale value to be < 1
  4645 00001E08 9F                      	LAHF
  4646 00001E09 86E0                    	XCHG	AH,AL
  4647 00001E0B 50                      	PUSH	AX			; Save scale factor
  4648 00001E0C 86E0                    	XCHG	AH,AL
  4649 00001E0E 882F                    	MOV	[BX],CH			; Save new exponent
  4650 00001E10 52                      	PUSH	DX			; Save SQR(1/2)
  4651 00001E11 51                      	PUSH	CX
  4652 00001E12 E859FE                  	CALL	FPADD			; Add SQR(1/2) to value
  4653 00001E15 59                      	POP	CX			; Restore SQR(1/2)
  4654 00001E16 5A                      	POP	DX
  4655 00001E17 FEC5                    	INC	CH			; Make it SQR(2)
  4656 00001E19 E8A500                  	CALL	DVBCDE			; Divide by SQR(2)
  4657 00001E1C BB[E01D]                	MOV	BX,UNITY		; Point to 1.
  4658 00001E1F E842FE                  	CALL	SUBPHL			; Subtract FPREG from 1
  4659 00001E22 BB[E41D]                	MOV	BX,LOGTAB		; Coefficient table
  4660 00001E25 E82506                  	CALL	SUMSER			; Evaluate sum of series
  4661 00001E28 B98080                  	MOV	CX,8080H		; BCDE = -0.5
  4662 00001E2B BA0000                  	MOV	DX,0000H
  4663 00001E2E E83DFE                  	CALL	FPADD			; Subtract 0.5 from FPREG
  4664 00001E31 58                      	POP	AX			; Restore scale factor
  4665 00001E32 86E0                    	XCHG	AH,AL
  4666 00001E34 9E                      	SAHF
  4667 00001E35 E8B503                  	CALL	RSCALE			; Re-scale number
  4668                                  MULLN2:
  4669 00001E38 B93180                  	MOV	CX,8031H		; BCDE = Ln(2)
  4670 00001E3B BA1872                  	MOV	DX,7218H
  4671 00001E3E EB02                    	JMP	FPMULT			; Skip "POP CX" and "POP DX"
  4672                                  ;
  4673                                  MULT:
  4674 00001E40 59                      	POP	CX			; Get number from stack
  4675 00001E41 5A                      	POP	DX
  4676                                  FPMULT:
  4677 00001E42 E86901                  	CALL	TSTSGN			; Test sign of FPREG
  4678 00001E45 7501                    	JNZ	FPMULT1
  4679 00001E47 C3                      	RET				; Return zero if zero
  4680                                  FPMULT1:
  4681 00001E48 B300                    	MOV	BL,0			; Flag add exponents
  4682 00001E4A E80401                  	CALL	ADDEXP			; Add exponents
  4683 00001E4D 88C8                    	MOV	AL,CL			; Get MSB of multiplier
  4684 00001E4F A24041                  	MOV	[MULVAL],AL		; Save MSB of multiplier
  4685 00001E52 87DA                    	XCHG	BX,DX
  4686 00001E54 891E4141                	MOV	[MULVAL+1],BX		; Save rest of multiplier
  4687 00001E58 B90000                  	MOV	CX,0			; Partial product (BCDE) = zero
  4688 00001E5B 88EE                    	MOV	DH,CH
  4689 00001E5D 88EA                    	MOV	DL,CH
  4690 00001E5F BB[ED1C]                	MOV	BX,BNORM		; Address of normalise
  4691 00001E62 53                      	PUSH	BX			; Save for return
  4692 00001E63 BB[6B1E]                	MOV	BX,MULT8		; Address of 8 bit multiply
  4693 00001E66 53                      	PUSH	BX			; Save for NMSB,MSB
  4694 00001E67 53                      	PUSH	BX			;
  4695 00001E68 BB2E41                  	MOV	BX,FPREG		; Point to number
  4696                                  MULT8:
  4697 00001E6B 8A07                    	MOV	AL,[BX]			; Get LSB of number
  4698                                  ;	LAHF
  4699 00001E6D 43                      	INC	BX			; Point to NMSB
  4700                                  ;	SAHF
  4701 00001E6E 08C0                    	OR	AL,AL           	; Test LSB
  4702 00001E70 7438                    	JZ	BYTSFT			; Zero - shift to next byte
  4703 00001E72 53                      	PUSH	BX			; Save address of number
  4704 00001E73 B308                    	MOV	BL,8			; 8 bits to multiply by
  4705                                  MUL8LP:
  4706 00001E75 D0D8                    	RCR	AL,1			; Shift LSB right
  4707 00001E77 88C7                    	MOV	BH,AL			; Save LSB
  4708 00001E79 88C8                    	MOV	AL,CL			; Get MSB
  4709 00001E7B 730F                    	JNC	NOMADD			; Bit was zero - Don't add
  4710 00001E7D 53                      	PUSH	BX			; Save LSB and count
  4711 00001E7E 8B1E4141                	MOV	BX,[MULVAL+1]		; Get LSB and NMSB
  4712 00001E82 01D3                    	ADD	BX,DX			; Add NMSB and LSB
  4713 00001E84 87DA                    	XCHG	BX,DX			; Leave sum in DE
  4714 00001E86 5B                      	POP	BX			; Restore MSB and count
  4715 00001E87 A04041                  	MOV	AL,[MULVAL]		; Get MSB of multiplier
  4716 00001E8A 10C8                    	ADC	AL,CL			; Add MSB
  4717                                  NOMADD:
  4718 00001E8C D0D8                    	RCR	AL,1			; Shift MSB right
  4719 00001E8E 88C1                    	MOV	CL,AL			; Re-save MSB
  4720 00001E90 88F0                    	MOV	AL,DH			; Get NMSB
  4721 00001E92 D0D8                    	RCR	AL,1			; Shift NMSB right
  4722 00001E94 88C6                    	MOV	DH,AL			; Re-save NMSB
  4723 00001E96 88D0                    	MOV	AL,DL			; Get LSB
  4724 00001E98 D0D8                    	RCR	AL,1			; Shift LSB right
  4725 00001E9A 88C2                    	MOV	DL,AL			; Re-save LSB
  4726 00001E9C 88E8                    	MOV	AL,CH			; Get VLSB
  4727 00001E9E D0D8                    	RCR	AL,1			; Shift VLSB right
  4728 00001EA0 88C5                    	MOV	CH,AL			; Re-save VLSB
  4729 00001EA2 FECB                    	DEC	BL			; Count bits multiplied
  4730 00001EA4 88F8                    	MOV	AL,BH			; Get LSB of multiplier
  4731 00001EA6 75CD                    	JNZ	MUL8LP			; More - Do it
  4732                                  POPHRT:
  4733 00001EA8 5B                      	POP	BX			; Restore address of number
  4734 00001EA9 C3                      	RET
  4735                                  ;
  4736                                  BYTSFT:
  4737 00001EAA 88D5                    	MOV	CH,DL			; Shift partial product left
  4738 00001EAC 88F2                    	MOV	DL,DH
  4739 00001EAE 88CE                    	MOV	DH,CL
  4740 00001EB0 88C1                    	MOV	CL,AL
  4741 00001EB2 C3                      	RET
  4742                                  ;
  4743                                  DIV10:
  4744 00001EB3 E83D01                  	CALL	STAKFP			; Save FPREG on stack
  4745 00001EB6 B92084                  	MOV	CX,8420H		; BCDE = 10.
  4746 00001EB9 BA0000                  	MOV	DX,0000H
  4747 00001EBC E85001                  	CALL	FPBCDE			; Move 10 to FPREG
  4748                                  ;
  4749                                  DIV:
  4750 00001EBF 59                      	POP	CX			; Get number from stack
  4751 00001EC0 5A                      	POP	DX
  4752                                  DVBCDE:
  4753 00001EC1 E8EA00                  	CALL	TSTSGN			; Test sign of FPREG
  4754 00001EC4 7503                    	JNZ	DVBCDE1
  4755 00001EC6 E940E7                  	JMP	DZERR			; Error if division by zero
  4756                                  DVBCDE1:
  4757 00001EC9 B3FF                    	MOV	BL,-1			; Flag subtract exponents
  4758 00001ECB E88300                  	CALL	ADDEXP			; Subtract exponents
  4759 00001ECE FE07                    	INC	BYTE [BX]		; Add 2 to exponent to adjust
  4760 00001ED0 FE07                    	INC	BYTE [BX]
  4761                                  ;	LAHF
  4762 00001ED2 4B                      	DEC	BX			; Point to MSB
  4763                                  ;	SAHF
  4764 00001ED3 8A07                    	MOV	AL,[BX]			; Get MSB of dividend
  4765 00001ED5 A25B40                  	MOV	[DIV3],AL		; Save for subtraction
  4766                                  ;	LAHF
  4767 00001ED8 4B                      	DEC	BX
  4768                                  ;	SAHF
  4769 00001ED9 8A07                    	MOV	AL,[BX]			; Get NMSB of dividend
  4770 00001EDB A25540                  	MOV	[DIV2],AL		; Save for subtraction
  4771                                  ;	LAHF
  4772 00001EDE 4B                      	DEC	BX
  4773                                  ;	SAHF
  4774 00001EDF 8A07                    	MOV	AL,[BX]			; Get MSB of dividend
  4775 00001EE1 A24F40                  	MOV	[DIV1],AL		; Save for subtraction
  4776 00001EE4 88CD                    	MOV	CH,CL			; Get MSB
  4777 00001EE6 87DA                    	XCHG	BX,DX			; NMSB,LSB to HL
  4778 00001EE8 30C0                    	XOR	AL,AL
  4779 00001EEA 88C1                    	MOV	CL,AL			; Clear MSB of quotient
  4780 00001EEC 88C6                    	MOV	DH,AL			; Clear NMSB of quotient
  4781 00001EEE 88C2                    	MOV	DL,AL			; Clear LSB of quotient
  4782 00001EF0 A25F40                  	MOV	[DIV4],AL		; Clear overflow count
  4783                                  DIVLP:
  4784 00001EF3 53                      	PUSH	BX			; Save divisor
  4785 00001EF4 51                      	PUSH	CX
  4786 00001EF5 88D8                    	MOV	AL,BL			; Get LSB of number
  4787 00001EF7 E8(4E40)                	CALL	DIVSUP			; Subt' divisor from dividend
  4788 00001EFA 1C00                    	SBB	AL,0			; Count for overflows
  4789 00001EFC F5                      	CMC
  4790 00001EFD 730B                    	JNC	RESDIV			; Restore divisor if borrow
  4791 00001EFF A25F40                  	MOV	[DIV4],AL		; Re-save overflow count
  4792 00001F02 58                      	POP	AX			; Scrap divisor
  4793                                  ;	XCHG	AH,AL
  4794                                  ;	SAHF
  4795 00001F03 58                      	POP	AX
  4796 00001F04 86E0                    	XCHG	AH,AL
  4797 00001F06 9E                      	SAHF
  4798 00001F07 F9                      	STC				; Set carry to
  4799 00001F08 EB02                    	JMP	RESDIV1			; Skip "POP CX" and "POP BX"
  4800                                  ;
  4801                                  RESDIV:
  4802 00001F0A 59                      	POP	CX			; Restore divisor
  4803 00001F0B 5B                      	POP	BX
  4804                                  RESDIV1:
  4805 00001F0C 88C8                    	MOV	AL,CL			; Get MSB of quotient
  4806 00001F0E FEC0                    	INC	AL
  4807 00001F10 FEC8                    	DEC	AL
  4808 00001F12 D0D8                    	RCR	AL,1			; Bit 0 to bit 7
  4809 00001F14 7903                    	JNS	RESDIV2
  4810 00001F16 E922FE                  	JMP	RONDB			; Done - Normalise result
  4811                                  RESDIV2:
  4812 00001F19 D0D0                    	RCL	AL,1			; Restore carry
  4813 00001F1B 88D0                    	MOV	AL,DL			; Get LSB of quotient
  4814 00001F1D D0D0                    	RCL	AL,1			; Double it
  4815 00001F1F 88C2                    	MOV	DL,AL			; Put it back
  4816 00001F21 88F0                    	MOV	AL,DH			; Get NMSB of quotient
  4817 00001F23 D0D0                    	RCL	AL,1			; Double it
  4818 00001F25 88C6                    	MOV	DH,AL			; Put it back
  4819 00001F27 88C8                    	MOV	AL,CL			; Get MSB of quotient
  4820 00001F29 D0D0                    	RCL	AL,1			; Double it
  4821 00001F2B 88C1                    	MOV	CL,AL			; Put it back
  4822 00001F2D 01DB                    	ADD	BX,BX			; Double NMSB,LSB of divisor
  4823 00001F2F 88E8                    	MOV	AL,CH			; Get MSB of divisor
  4824 00001F31 D0D0                    	RCL	AL,1			; Double it
  4825 00001F33 88C5                    	MOV	CH,AL			; Put it back
  4826 00001F35 A05F40                  	MOV	AL,[DIV4]		; Get VLSB of quotient
  4827 00001F38 D0D0                    	RCL	AL,1			; Double it
  4828 00001F3A A25F40                  	MOV	[DIV4],AL		; Put it back
  4829 00001F3D 88C8                    	MOV	AL,CL			; Get MSB of quotient
  4830 00001F3F 08F0                    	OR	AL,DH			; Merge NMSB
  4831 00001F41 08D0                    	OR	AL,DL			; Merge LSB
  4832 00001F43 75AE                    	JNZ	DIVLP			; Not done - Keep dividing
  4833 00001F45 53                      	PUSH	BX			; Save divisor
  4834 00001F46 BB3141                  	MOV	BX,FPEXP		; Point to exponent
  4835 00001F49 FE0F                    	DEC	BYTE [BX]		; Divide by 2
  4836 00001F4B 5B                      	POP	BX			; Restore divisor
  4837 00001F4C 75A5                    	JNZ	DIVLP			; Ok - Keep going
  4838 00001F4E E9C8E6                  	JMP	OVERR			; Overflow error
  4839                                  ;
  4840                                  ADDEXP:
  4841 00001F51 88E8                    	MOV	AL,CH			; Get exponent of dividend
  4842 00001F53 08C0                    	OR	AL,AL			; Test it
  4843 00001F55 742D                    	JZ	OVTST3			; Zero - Result zero
  4844 00001F57 88D8                    	MOV	AL,BL			; Get add/subtract flag
  4845 00001F59 BB3141                  	MOV	BX,FPEXP		; Point to exponent
  4846 00001F5C 3207                    	XOR	AL,[BX]			; Add or subtract it
  4847 00001F5E 00E8                    	ADD	AL,CH			; Add the other exponent
  4848 00001F60 88C5                    	MOV	CH,AL			; Save new exponent
  4849 00001F62 D0D8                    	RCR	AL,1			; Test exponent for overflow
  4850 00001F64 30E8                    	XOR	AL,CH
  4851 00001F66 88E8                    	MOV	AL,CH			; Get exponent
  4852 00001F68 7918                    	JNS	OVTST2			; Positive - Test for overflow
  4853 00001F6A 0480                    	ADD	AL,80H			; Add excess 128
  4854 00001F6C 8807                    	MOV	[BX],AL			; Save new exponent
  4855 00001F6E 7503                    	JNZ	ADDEXP1			; Zero - Result zero
  4856 00001F70 E935FF                  	JMP	POPHRT
  4857                                  ADDEXP1:
  4858 00001F73 E8D000                  	CALL	SIGNS			; Set MSBs and sign of result
  4859 00001F76 8807                    	MOV	[BX],AL			; Save new exponent
  4860 00001F78 9F                      	LAHF
  4861 00001F79 4B                      	DEC	BX			; Point to MSB
  4862 00001F7A 9E                      	SAHF
  4863 00001F7B C3                      	RET
  4864                                  ;
  4865                                  OVTST1:
  4866 00001F7C E82F00                  	CALL	TSTSGN			; Test sign of FPREG
  4867 00001F7F F6D0                    	NOT	AL			; Invert sign
  4868 00001F81 5B                      	POP	BX			; Clean up stack
  4869                                  OVTST2:
  4870 00001F82 08C0                    	OR	AL,AL			; Test if new exponent zero
  4871                                  OVTST3:
  4872 00001F84 5B                      	POP	BX			; Clear off return addr
  4873 00001F85 7803                    	JS	OVTST4			; Result zero
  4874 00001F87 E981FD                  	JMP	RESZER
  4875                                  OVTST4:
  4876 00001F8A E98CE6                  	JMP	OVERR			; Overflow error
  4877                                  ;
  4878                                  MLSP10:
  4879 00001F8D E88E00                  	CALL	BCDEFP			; Move FPREG to BCDE
  4880 00001F90 88E8                    	MOV	AL,CH			; Get exponent
  4881 00001F92 08C0                    	OR	AL,AL			; Is it zero?
  4882 00001F94 7501                    	JNZ	MLSP101
  4883 00001F96 C3                      	RET				; Yes - Result is zero
  4884                                  MLSP101:
  4885 00001F97 0402                    	ADD	AL,2			; Multiply by 4
  4886 00001F99 7303                    	JNC	MLSP102
  4887 00001F9B E97BE6                  	JMP	OVERR			; Overflow - ?OV Error
  4888                                  MLSP102:
  4889 00001F9E 88C5                    	MOV	CH,AL			; Re-save exponent
  4890 00001FA0 E8CBFC                  	CALL	FPADD			; Add BCDE to FPREG (Time 5)
  4891 00001FA3 BB3141                  	MOV	BX,FPEXP		; Point to exponent
  4892 00001FA6 FE07                    	INC	BYTE [BX]		; Double number (Times 10)
  4893 00001FA8 7401                    	JZ	MLSP103
  4894 00001FAA C3                      	RET				; Ok - Return
  4895                                  MLSP103:
  4896 00001FAB E96BE6                  	JMP	OVERR			; Overflow error
  4897                                  ;
  4898                                  ; Z flag
  4899                                  ;
  4900                                  TSTSGN:
  4901 00001FAE A03141                  	MOV	AL,[FPEXP]		; Get sign of FPREG
  4902 00001FB1 08C0                    	OR	AL,AL
  4903 00001FB3 7501                    	JNZ	TSTSGN1
  4904 00001FB5 C3                      	RET				; RETurn if number is zero
  4905                                  TSTSGN1:
  4906 00001FB6 A03041                  	MOV	AL,[FPREG+2]		; Get MSB of FPREG
  4907 00001FB9 3C2F                    	CMP	AL,02FH
  4908 00001FBB EB02                    	JMP	RETREL1
  4909                                  RETREL:
  4910 00001FBD F6D0                    	NOT	AL			; Invert sign
  4911                                  RETREL1:
  4912 00001FBF D0D0                    	RCL	AL,1			; Sign bit to carry
  4913                                  FLGDIF:
  4914 00001FC1 18C0                    	SBB	AL,AL			; Carry to all bits of A
  4915 00001FC3 7401                    	JZ	FLGDIF1
  4916 00001FC5 C3                      	RET				; Return -1 if negative
  4917                                  FLGDIF1:
  4918 00001FC6 FEC0                    	INC	AL			; Bump to +1
  4919 00001FC8 C3                      	RET				; Positive - Return +1
  4920                                  ;
  4921                                  SGN:
  4922 00001FC9 E8E2FF                  	CALL	TSTSGN			; Test sign of FPREG
  4923                                  FLGREL:
  4924 00001FCC B588                    	MOV	CH,80H+8		; 8 bit integer in exponent
  4925 00001FCE BA0000                  	MOV	DX,0			; Zero NMSB and LSB
  4926                                  RETINT:
  4927 00001FD1 BB3141                  	MOV	BX,FPEXP		; Point to exponent
  4928 00001FD4 88C1                    	MOV	CL,AL			; CDE = MSB,NMSB and LSB
  4929 00001FD6 882F                    	MOV	[BX],CH			; Save exponent
  4930 00001FD8 B500                    	MOV	CH,0			; CDE = integer to normalise
  4931                                  ;	LAHF
  4932 00001FDA 43                      	INC	BX			; Point to sign of result
  4933                                  ;	SAHF
  4934 00001FDB C60780                  	MOV	BYTE [BX],80H	; Set sign of result
  4935 00001FDE D0D0                    	RCL	AL,1			; Carry = sign of integer
  4936 00001FE0 E905FD                  	JMP	CONPOS			; Set sign of result
  4937                                  ;
  4938                                  _ABS:
  4939 00001FE3 E8C8FF                  	CALL	TSTSGN			; Test sign of FPREG
  4940 00001FE6 7801                    	JS	INVSGN
  4941 00001FE8 C3                      	RET				; Return if positive
  4942                                  INVSGN:
  4943 00001FE9 BB3041                  	MOV	BX,FPREG+2		; Point to MSB
  4944 00001FEC 8A07                    	MOV	AL,[BX]			; Get sign of mantissa
  4945 00001FEE 3480                    	XOR	AL,80H			; Invert sign of mantissa
  4946 00001FF0 8807                    	MOV	[BX],AL			; Re-save sign of mantissa
  4947 00001FF2 C3                      	RET
  4948                                  ;
  4949                                  STAKFP:
  4950 00001FF3 87DA                    	XCHG	BX,DX			; Save code string address
  4951 00001FF5 8B1E2E41                	MOV	BX,[FPREG]		; LSB,NLSB of FPREG
  4952 00001FF9 89E5                    	MOV	BP,SP
  4953 00001FFB 875E00                  	XCHG	[BP],BX			; Stack them,get return
  4954 00001FFE 53                      	PUSH	BX			; Re-save return
  4955 00001FFF 8B1E3041                	MOV	BX,[FPREG+2]		; MSB and exponent of FPREG
  4956 00002003 89E5                    	MOV	BP,SP
  4957 00002005 875E00                  	XCHG	[BP],BX			; Stack them,get return
  4958 00002008 53                      	PUSH	BX			; Re-save return
  4959 00002009 87DA                    	XCHG	BX,DX			; Restore code string address
  4960 0000200B C3                      	RET
  4961                                  ;
  4962                                  PHLTFP:
  4963 0000200C E81200                  	CALL	LOADFP			; Number at HL to BCDE
  4964                                  FPBCDE:
  4965 0000200F 87DA                    	XCHG	BX,DX			; Save code string address
  4966 00002011 891E2E41                	MOV	[FPREG],BX		; Save LSB,NLSB of number
  4967 00002015 89CB                    	MOV	BX,CX			; Exponent of number
  4968 00002017 891E3041                	MOV	[FPREG+2],BX		; Save MSB and exponent
  4969 0000201B 87DA                    	XCHG	BX,DX			; Restore code string address
  4970 0000201D C3                      	RET
  4971                                  ;
  4972                                  BCDEFP:
  4973 0000201E BB2E41                  	MOV	BX,FPREG		; Point to FPREG
  4974                                  LOADFP:
  4975 00002021 8A17                    	MOV	DL,[BX]			; Get LSB of number
  4976 00002023 9F                      	LAHF
  4977 00002024 43                      	INC	BX
  4978                                  ;	SAHF
  4979 00002025 8A37                    	MOV	DH,[BX]			; Get NMSB of number
  4980                                  ;	LAHF
  4981 00002027 43                      	INC	BX
  4982                                  ;	SAHF
  4983 00002028 8A0F                    	MOV	CL,[BX]			; Get MSB of number
  4984                                  ;	LAHF
  4985 0000202A 43                      	INC	BX
  4986 0000202B 9E                      	SAHF
  4987 0000202C 8A2F                    	MOV	CH,[BX]			; Get exponent of number
  4988                                  INCHL:
  4989 0000202E 9F                      	LAHF
  4990 0000202F 43                      	INC	BX			; Used for conditional "INC HL"
  4991 00002030 9E                      	SAHF
  4992 00002031 C3                      	RET
  4993                                  ;
  4994                                  FPTHL:
  4995 00002032 BA2E41                  	MOV	DX,FPREG		; Point to FPREG
  4996                                  DETHL4:
  4997 00002035 B504                    	MOV	CH,4			; 4 bytes to move
  4998                                  DETHLB:
  4999 00002037 87DA                    	XCHG	BX,DX
  5000 00002039 8A07                    	MOV	AL,[BX]			; Get source
  5001 0000203B 87DA                    	XCHG	BX,DX
  5002 0000203D 8807                    	MOV	[BX],AL			; Save destination
  5003                                  ;	LAHF
  5004 0000203F 42                      	INC	DX			; Next source
  5005                                  ;	SAHF
  5006                                  ;	LAHF
  5007 00002040 43                      	INC	BX			; Next destination
  5008                                  ;	SAHF
  5009 00002041 FECD                    	DEC	CH			; Count bytes
  5010 00002043 75F2                    	JNZ	DETHLB			; Loop if more
  5011 00002045 C3                      	RET
  5012                                  ;
  5013                                  SIGNS:
  5014 00002046 BB3041                  	MOV	BX,FPREG+2		; Point to MSB of FPREG
  5015 00002049 8A07                    	MOV	AL,[BX]			; Get MSB
  5016 0000204B D0C0                    	ROL	AL,1			; Old sign to carry
  5017 0000204D F9                      	STC				; Set MSBit
  5018 0000204E D0D8                    	RCR	AL,1			; Set MSBit of MSB
  5019 00002050 8807                    	MOV	[BX],AL			; Save new MSB
  5020 00002052 F5                      	CMC				; Complement sign
  5021 00002053 D0D8                    	RCR	AL,1			; Old sign to carry
  5022 00002055 9F                      	LAHF
  5023 00002056 43                      	INC	BX
  5024                                  ;	SAHF
  5025                                  ;	LAHF
  5026 00002057 43                      	INC	BX
  5027 00002058 9E                      	SAHF
  5028 00002059 8807                    	MOV	[BX],AL			; Set sign of result
  5029 0000205B 88C8                    	MOV	AL,CL			; Get MSB
  5030 0000205D D0C0                    	ROL	AL,1			; Old sign to carry
  5031 0000205F F9                      	STC				; Set MSBit
  5032 00002060 D0D8                    	RCR	AL,1			; Set MSBit of MSB
  5033 00002062 88C1                    	MOV	CL,AL			; Save MSB
  5034 00002064 D0D8                    	RCR	AL,1
  5035 00002066 3207                    	XOR	AL,[BX]			; New sign of result
  5036 00002068 C3                      	RET
  5037                                  ;
  5038                                  CMPNUM:
  5039 00002069 88E8                    	MOV	AL,CH			; Get exponent of numbe
  5040 0000206B 08C0                    	OR	AL,AL
  5041 0000206D 7503                    	JNZ	CMPNUM1			; Zero - Test sign of FPREG
  5042 0000206F E93CFF                  	JMP	TSTSGN
  5043                                  CMPNUM1:
  5044 00002072 BB[BD1F]                	MOV	BX,RETREL		; Return relation routine
  5045 00002075 53                      	PUSH	BX			; Save for return
  5046 00002076 E835FF                  	CALL	TSTSGN			; Test sign of FPREG
  5047 00002079 88C8                    	MOV	AL,CL			; Get MSB of number
  5048 0000207B 7501                    	JNZ	CMPNUM2
  5049 0000207D C3                      	RET				; FPREG zero - Number's MSB
  5050                                  CMPNUM2:
  5051 0000207E BB3041                  	MOV	BX,FPREG+2		; MSB of FPREG
  5052 00002081 3207                    	XOR	AL,[BX]			; Combine signs
  5053 00002083 88C8                    	MOV	AL,CL			; Get MSB of number
  5054 00002085 7901                    	JNS	CMPNUM3
  5055 00002087 C3                      	RET				; Exit if signs different
  5056                                  CMPNUM3:
  5057 00002088 E80500                  	CALL	CMPFP			; Compare FP numbers
  5058 0000208B D0D8                    	RCR	AL,1			; Get carry to sign
  5059 0000208D 30C8                    	XOR	AL,CL			; Combine with MSB of number
  5060 0000208F C3                      	RET
  5061                                  ;
  5062                                  CMPFP:
  5063 00002090 9F                      	LAHF
  5064 00002091 43                      	INC	BX			; Point to exponent
  5065 00002092 9E                      	SAHF
  5066 00002093 88E8                    	MOV	AL,CH			; Get exponent
  5067 00002095 3A07                    	CMP	AL,[BX]			; Compare exponents
  5068 00002097 7401                    	JZ	CMPFP1
  5069 00002099 C3                      	RET				; Different
  5070                                  CMPFP1:
  5071 0000209A 9F                      	LAHF
  5072 0000209B 4B                      	DEC	BX			; Point to MBS
  5073 0000209C 9E                      	SAHF
  5074 0000209D 88C8                    	MOV	AL,CL			; Get MSB
  5075 0000209F 3A07                    	CMP	AL,[BX]			; Compare MSBs
  5076 000020A1 7401                    	JZ	CMPFP2
  5077 000020A3 C3                      	RET				; Different
  5078                                  CMPFP2:
  5079 000020A4 9F                      	LAHF
  5080 000020A5 4B                      	DEC	BX			; Point to NMSB
  5081 000020A6 9E                      	SAHF
  5082 000020A7 88F0                    	MOV	AL,DH			; Get NMSB
  5083 000020A9 3A07                    	CMP	AL,[BX]			; Compare NMSBs
  5084 000020AB 7401                    	JZ	CMPFP3
  5085 000020AD C3                      	RET				; Different
  5086                                  CMPFP3:
  5087 000020AE 9F                      	LAHF
  5088 000020AF 4B                      	DEC	BX			; Point to LSB
  5089 000020B0 9E                      	SAHF
  5090 000020B1 88D0                    	MOV	AL,DL			; Get LSB
  5091 000020B3 2A07                    	SUB	AL,[BX]			; Compare LSBs
  5092 000020B5 7401                    	JZ	CMPFP4
  5093 000020B7 C3                      	RET				; Different
  5094                                  CMPFP4:
  5095 000020B8 5B                      	POP	BX			; Drop RETurn
  5096 000020B9 5B                      	POP	BX			; Drop another RETurn
  5097 000020BA C3                      	RET
  5098                                  ;
  5099                                  FPINT:
  5100 000020BB 88C5                    	MOV	CH,AL			; <- Move
  5101 000020BD 88C1                    	MOV	CL,AL			; <- exponent
  5102 000020BF 88C6                    	MOV	DH,AL			; <- to all
  5103 000020C1 88C2                    	MOV	DL,AL			; <- bits
  5104 000020C3 08C0                    	OR	AL,AL			; Test exponent
  5105 000020C5 7501                    	JNZ	FPINT1
  5106 000020C7 C3                      	RET				; Zero - Return zero
  5107                                  FPINT1:
  5108 000020C8 53                      	PUSH	BX			; Save pointer to number
  5109 000020C9 E852FF                  	CALL	BCDEFP			; Move FPREG to BCDE
  5110 000020CC E877FF                  	CALL	SIGNS			; Set MSBs & sign of result
  5111 000020CF 3207                    	XOR	AL,[BX]			; Combine with sign of FPREG
  5112 000020D1 88C7                    	MOV	BH,AL			; Save combined signs
  5113 000020D3 7903                    	JNS	FPINT2
  5114 000020D5 E81900                  	CALL	DCBCDE			; Negative - Decrement BCDE
  5115                                  FPINT2:
  5116 000020D8 B098                    	MOV	AL,80H+24		; 24 bits
  5117 000020DA 28E8                    	SUB	AL,CH			; Bits to shift
  5118 000020DC E8CCFC                  	CALL	SCALE			; Shift BCDE
  5119 000020DF 88F8                    	MOV	AL,BH			; Get combined sign
  5120 000020E1 D0D0                    	RCL	AL,1			; Sign to carry
  5121 000020E3 7303                    	JNC	FPINT3
  5122 000020E5 E86DFC                  	CALL	FPROND			; Negative - Round number up
  5123                                  FPINT3:
  5124 000020E8 B500                    	MOV	CH,0			; Zero exponent
  5125 000020EA 7303                    	JNC	FPINT4
  5126 000020EC E898FC                  	CALL    COMPL			; If negative make positive
  5127                                  FPINT4:
  5128 000020EF 5B                      	POP	BX			; Restore pointer to number
  5129 000020F0 C3                      	RET
  5130                                  ;
  5131                                  DCBCDE:
  5132                                  ;	LAHF
  5133 000020F1 4A                      	DEC	DX			; Decrement BCDE
  5134                                  ;	SAHF
  5135 000020F2 88F0                    	MOV	AL,DH			; Test LSBs
  5136 000020F4 20D0                    	AND	AL,DL
  5137 000020F6 FEC0                    	INC	AL
  5138 000020F8 7401                    	JZ	DCBCDE1
  5139 000020FA C3                      	RET				; Exit if LSBs not FFFF
  5140                                  DCBCDE1:
  5141 000020FB 9F                      	LAHF
  5142 000020FC 49                      	DEC	CX			; Decrement MSBs
  5143 000020FD 9E                      	SAHF
  5144 000020FE C3                      	RET
  5145                                  ;
  5146                                  _INT:
  5147 000020FF BB3141                  	MOV	BX,FPEXP		; Point to exponent
  5148 00002102 8A07                    	MOV	AL,[BX]			; Get exponent
  5149 00002104 3C98                    	CMP	AL,80H+24		; Integer accuracy only?
  5150 00002106 A02E41                  	MOV	AL,[FPREG]		; Get LSB
  5151 00002109 7201                    	JC	INT1
  5152 0000210B C3                      	RET				; Yes - Already integer
  5153                                  INT1:
  5154 0000210C 8A07                    	MOV	AL,[BX]			; Get exponent
  5155 0000210E E8AAFF                  	CALL	FPINT			; F.P to integer
  5156 00002111 C60798                  	MOV	BYTE [BX],80H+24	; Save 24 bit integer
  5157 00002114 88D0                    	MOV	AL,DL			; Get LSB of number
  5158 00002116 9F                      	LAHF
  5159 00002117 86E0                    	XCHG	AH,AL
  5160 00002119 50                      	PUSH	AX			; Save LSB
  5161 0000211A 86E0                    	XCHG	AH,AL
  5162 0000211C 88C8                    	MOV	AL,CL			; Get MSB of number
  5163 0000211E D0D0                    	RCL	AL,1			; Sign to carry
  5164 00002120 E8C5FB                  	CALL	CONPOS			; Set sign of result
  5165 00002123 58                      	POP	AX			; Restore LSB of number
  5166 00002124 86E0                    	XCHG	AH,AL
  5167 00002126 9E                      	SAHF
  5168 00002127 C3                      	RET
  5169                                  ;
  5170                                  MLDEBC:
  5171 00002128 BB0000                  	MOV	BX,0			; Clear partial product
  5172 0000212B 88E8                    	MOV	AL,CH			; Test multiplier
  5173 0000212D 08C8                    	OR	AL,CL
  5174 0000212F 7501                    	JNZ	MLDEBC1
  5175 00002131 C3                      	RET				; Return zero if zero
  5176                                  MLDEBC1:
  5177 00002132 B010                    	MOV	AL,16			; 16 bits
  5178                                  MLDBLP:
  5179 00002134 01DB                    	ADD	BX,BX			; Shift P.P left
  5180 00002136 7303                    	JNC	MLDBLP1
  5181 00002138 E9BBF4                  	JMP	BSERR			; ?BS Error if overflow
  5182                                  MLDBLP1:
  5183 0000213B 87DA                    	XCHG	BX,DX
  5184 0000213D 01DB                    	ADD	BX,BX			; Shift multiplier left
  5185 0000213F 87DA                    	XCHG	BX,DX
  5186 00002141 7307                    	JNC	NOMLAD			; Bit was zero - No add
  5187 00002143 01CB                    	ADD	BX,CX			; Add multiplicand
  5188 00002145 7303                    	JNC	NOMLAD
  5189 00002147 E9ACF4                  	JMP	BSERR			; ?BS Error if overflow
  5190                                  NOMLAD:
  5191 0000214A FEC8                    	DEC	AL			; Count bits
  5192 0000214C 75E6                    	JNZ	MLDBLP			; More
  5193 0000214E C3                      	RET
  5194                                  ;
  5195                                  ASCTFP:
  5196 0000214F 3C2D                    	CMP	AL,'-'			; Negative?
  5197 00002151 9F                      	LAHF
  5198 00002152 86E0                    	XCHG	AH,AL
  5199 00002154 50                      	PUSH	AX			; Save it and flags
  5200 00002155 86E0                    	XCHG	AH,AL
  5201 00002157 7407                    	JZ	CNVNUM			; Yes - Convert number
  5202 00002159 3C2B                    	CMP	AL,'+'			; Positive?
  5203 0000215B 7403                    	JZ	CNVNUM			; Yes - Convert number
  5204 0000215D 9F                      	LAHF
  5205 0000215E 4B                      	DEC	BX			; DEC 'cos GETCHR INCs
  5206 0000215F 9E                      	SAHF
  5207                                  CNVNUM:
  5208 00002160 E8A8FB                  	CALL	RESZER			; Set result to zero
  5209 00002163 88C5                    	MOV	CH,AL			; Digits after point counter
  5210 00002165 88C6                    	MOV	DH,AL			; Sign of exponent
  5211 00002167 88C2                    	MOV	DL,AL			; Exponent of ten
  5212 00002169 F6D0                    	NOT	AL
  5213 0000216B 88C1                    	MOV	CL,AL			; Before or after point flag
  5214                                  MANLP:
  5215 0000216D E860EA                  	CALL	GETCHR			; Get next character
  5216 00002170 725E                    	JC	ADDIG			; Digit - Add to number
  5217 00002172 3C2E                    	CMP	AL,'.'
  5218 00002174 741B                    	JZ	DPOINT			; '.' - Flag point
  5219 00002176 3C45                    	CMP	AL,'E'
  5220 00002178 751B                    	JNZ	CONEXP			; Not 'E' - Scale number
  5221 0000217A E853EA                  	CALL	GETCHR			; Get next character
  5222 0000217D E8BFF1                  	CALL	SGNEXP			; Get sign of exponent
  5223                                  EXPLP:
  5224 00002180 E84DEA                  	CALL	GETCHR			; Get next character
  5225 00002183 7273                    	JC	EDIGIT			; Digit - Add to exponent
  5226 00002185 FEC6                    	INC	DH			; Is sign negative?
  5227 00002187 750C                    	JNZ	CONEXP			; No - Scale number
  5228 00002189 30C0                    	XOR	AL,AL
  5229 0000218B 28D0                    	SUB	AL,DL			; Negate exponent
  5230 0000218D 88C2                    	MOV	DL,AL			; And re-save it
  5231 0000218F FEC1                    	INC	CL			; Flag end of number
  5232                                  DPOINT:
  5233 00002191 FEC1                    	INC	CL			; Flag point passed
  5234 00002193 74D8                    	JZ	MANLP			; Zero - Get another digit
  5235                                  CONEXP:
  5236 00002195 53                      	PUSH	BX			; Save code string address
  5237 00002196 88D0                    	MOV	AL,DL			; Get exponent
  5238 00002198 28E8                    	SUB	AL,CH			; Subtract digits after point
  5239                                  SCALMI:
  5240 0000219A 7803                    	JS	SCALMI1
  5241 0000219C E82000                  	CALL	SCALPL			; Positive - Multiply number
  5242                                  SCALMI1:
  5243 0000219F 790F                    	JNS	ENDCON			; Positive - All done
  5244 000021A1 9F                      	LAHF
  5245 000021A2 86E0                    	XCHG	AH,AL
  5246 000021A4 50                      	PUSH	AX			; Save number of times to /10
  5247 000021A5 86E0                    	XCHG	AH,AL
  5248 000021A7 E809FD                  	CALL	DIV10			; Divide by 10
  5249 000021AA 58                      	POP	AX			; Restore count
  5250 000021AB 86E0                    	XCHG	AH,AL
  5251 000021AD 9E                      	SAHF
  5252 000021AE FEC0                    	INC	AL			; Count divides
  5253                                  ;
  5254                                  ENDCON:
  5255 000021B0 75E8                    	JNZ	SCALMI			; More to do
  5256 000021B2 5A                      	POP	DX			; Restore code string address
  5257 000021B3 58                      	POP	AX			; Restore sign of number
  5258 000021B4 86E0                    	XCHG	AH,AL
  5259 000021B6 9E                      	SAHF
  5260 000021B7 7503                    	JNZ	ENDCON1
  5261 000021B9 E82DFE                  	CALL	INVSGN			; Negative - Negate number
  5262                                  ENDCON1:
  5263 000021BC 87DA                    	XCHG	BX,DX			; Code string address to HL
  5264 000021BE C3                      	RET
  5265                                  ;
  5266                                  SCALPL:
  5267 000021BF 7501                    	JNZ	MULTEN
  5268 000021C1 C3                      	RET				; Exit if no scaling needed
  5269                                  MULTEN:
  5270                                  ;	LAHF
  5271 000021C2 86E0                    	XCHG	AH,AL
  5272 000021C4 50                      	PUSH	AX			; Save count
  5273 000021C5 86E0                    	XCHG	AH,AL
  5274 000021C7 E8C3FD                  	CALL	MLSP10			; Multiply number by 10
  5275 000021CA 58                      	POP	AX			; Restore count
  5276 000021CB 86E0                    	XCHG	AH,AL
  5277                                  ;	SAHF
  5278 000021CD FEC8                    	DEC	AL			; Count multiplies
  5279 000021CF C3                      	RET
  5280                                  ;
  5281                                  ADDIG:
  5282 000021D0 52                      	PUSH	DX			; Save sign of exponent
  5283 000021D1 88C6                    	MOV	DH,AL			; Save digit
  5284 000021D3 88E8                    	MOV	AL,CH			; Get digits after point
  5285 000021D5 10C8                    	ADC	AL,CL			; Add one if after point
  5286 000021D7 88C5                    	MOV	CH,AL			; Re-save counter
  5287 000021D9 51                      	PUSH	CX			; Save point flags
  5288 000021DA 53                      	PUSH	BX			; Save code string address
  5289 000021DB 52                      	PUSH	DX			; Save digit
  5290 000021DC E8AEFD                  	CALL	MLSP10			; Multiply number by 10
  5291 000021DF 58                      	POP	AX			; Restore digit
  5292 000021E0 86E0                    	XCHG	AH,AL
  5293 000021E2 9E                      	SAHF
  5294 000021E3 2C30                    	SUB	AL,'0'			; Make it absolute
  5295 000021E5 E80500                  	CALL	RSCALE			; Re-scale number
  5296 000021E8 5B                      	POP	BX			; Restore code string address
  5297 000021E9 59                      	POP	CX			; Restore point flags
  5298 000021EA 5A                      	POP	DX			; Restore sign of exponent
  5299 000021EB EB80                    	JMP	MANLP			; Get another digit
  5300                                  ;
  5301                                  RSCALE:
  5302 000021ED E803FE                  	CALL	STAKFP			; Put number on stack
  5303 000021F0 E8D9FD                  	CALL	FLGREL			; Digit to add to FPREG
  5304                                  PADD:
  5305 000021F3 59                      	POP	CX			; Restore number
  5306 000021F4 5A                      	POP	DX
  5307 000021F5 E976FA                  	JMP	FPADD			; Add BCDE to FPREG and return
  5308                                  ;
  5309                                  EDIGIT:
  5310 000021F8 88D0                    	MOV	AL,DL			; Get digit
  5311 000021FA D0C0                    	ROL	AL,1			; Times 2
  5312 000021FC D0C0                    	ROL	AL,1			; Times 4
  5313 000021FE 00D0                    	ADD	AL,DL			; Times 5
  5314 00002200 D0C0                    	ROL	AL,1			; Times 10
  5315 00002202 0207                    	ADD	AL,[BX]			; Add next digit
  5316 00002204 2C30                    	SUB	AL,'0'			; Make it absolute
  5317 00002206 88C2                    	MOV	DL,AL			; Save new digit
  5318 00002208 E975FF                  	JMP	EXPLP			; Look for another digit
  5319                                  ;
  5320                                  LINEIN:
  5321 0000220B 53                      	PUSH	BX			; Save code string address
  5322 0000220C BB[7C05]                	MOV	BX,INMSG		; Output " in "
  5323 0000220F E889F6                  	CALL	PRS			; Output string at HL
  5324 00002212 5B                      	POP	BX			; Restore code string address
  5325                                  PRNTHL:
  5326 00002213 87DA                    	XCHG	BX,DX			; Code string address to DE
  5327 00002215 30C0                    	XOR	AL,AL
  5328 00002217 B598                    	MOV	CH,80H+24		; 24 bits
  5329 00002219 E8B5FD                  	CALL	RETINT			; Return the integer
  5330 0000221C BB[9818]                	MOV	BX,PRNUMS		; Print number string
  5331 0000221F 53                      	PUSH	BX			; Save for return
  5332                                  NUMASC:
  5333 00002220 BB3341                  	MOV	BX,PBUFF		; Convert number to ASCII
  5334 00002223 53                      	PUSH	BX			; Save for return
  5335 00002224 E887FD                  	CALL	TSTSGN			; Test sign of FPREG
  5336 00002227 C60720                  	MOV	BYTE [BX],' '	; Space at start
  5337 0000222A 7903                    	JNS	SPCFST			; Positive - Space to start
  5338 0000222C C6072D                  	MOV	BYTE [BX],'-'	; '-' sign at start
  5339                                  SPCFST:
  5340 0000222F 9F                      	LAHF
  5341 00002230 43                      	INC	BX			; First byte of number
  5342 00002231 9E                      	SAHF
  5343 00002232 C60730                  	MOV	BYTE [BX],'0'	; '0' if zero
  5344 00002235 7503                    	JNZ	SPCFST1			; Return '0' if zero
  5345 00002237 E90101                  	JMP	JSTZER
  5346                                  SPCFST1:
  5347 0000223A 53                      	PUSH	BX			; Save buffer address
  5348 0000223B 7903                    	JNS	SPCFST2
  5349 0000223D E8A9FD                  	CALL	INVSGN			; Negate FPREG if negative
  5350                                  SPCFST2:
  5351 00002240 30C0                    	XOR	AL,AL			; Zero A
  5352 00002242 9F                      	LAHF
  5353 00002243 86E0                    	XCHG	AH,AL
  5354 00002245 50                      	PUSH	AX			; Save it
  5355 00002246 86E0                    	XCHG	AH,AL
  5356 00002248 E8FC00                  	CALL	RNGTST			; Test number is in range
  5357                                  SIXDIG:
  5358 0000224B B94391                  	MOV	CX,9143H		; BCDE - 99999.9
  5359 0000224E BAF84F                  	MOV	DX,4FF8H
  5360 00002251 E815FE                  	CALL	CMPNUM			; Compare numbers
  5361 00002254 08C0                    	OR	AL,AL
  5362 00002256 7B21                    	JPO	INRNG			; > 99999.9 - Sort it out	JP PO,INGNG
  5363 00002258 58                      	POP	AX			; Restore count
  5364 00002259 86E0                    	XCHG	AH,AL
  5365 0000225B 9E                      	SAHF
  5366 0000225C E863FF                  	CALL	MULTEN			; Multiply by ten
  5367 0000225F 9F                      	LAHF
  5368 00002260 86E0                    	XCHG	AH,AL
  5369 00002262 50                      	PUSH	AX			; Re-save count
  5370 00002263 86E0                    	XCHG	AH,AL
  5371 00002265 EBE4                    	JMP	SIXDIG			; Test it again
  5372                                  ;
  5373                                  GTSIXD:
  5374 00002267 E849FC                  	CALL	DIV10			; Divide by 10
  5375 0000226A 58                      	POP	AX			; Get count
  5376 0000226B 86E0                    	XCHG	AH,AL
  5377 0000226D 9E                      	SAHF
  5378 0000226E FEC0                    	INC	AL			; Count divides
  5379 00002270 9F                      	LAHF
  5380 00002271 86E0                    	XCHG	AH,AL
  5381 00002273 50                      	PUSH	AX			; Re-save count
  5382 00002274 86E0                    	XCHG	AH,AL
  5383 00002276 E8CE00                  	CALL	RNGTST			; Test number is in range
  5384                                  INRNG:
  5385 00002279 E8E0F9                  	CALL	ROUND			; Add 0.5 to FPREG
  5386 0000227C FEC0                    	INC	AL
  5387 0000227E E83AFE                  	CALL	FPINT			; F.P to integer
  5388 00002281 E88BFD                  	CALL	FPBCDE			; Move BCDE to FPREG
  5389 00002284 B90603                  	MOV	CX,0306H		; 1E+06 to 1E-03 range
  5390 00002287 58                      	POP	AX			; Restore count
  5391 00002288 86E0                    	XCHG	AH,AL
  5392 0000228A 9E                      	SAHF
  5393 0000228B 00C8                    	ADD	AL,CL			; 6 digits before point
  5394 0000228D FEC0                    	INC	AL			; Add one
  5395 0000228F 780A                    	JS	MAKNUM			; Do it in 'E' form if < 1E-02
  5396 00002291 3C08                    	CMP	AL,6+1+1		; More than 999999 ?
  5397 00002293 7306                    	JNC	MAKNUM			; Yes - Do it in 'E' form
  5398 00002295 FEC0                    	INC	AL			; Adjust for exponent
  5399 00002297 88C5                    	MOV	CH,AL			; Exponent of number
  5400 00002299 B002                    	MOV	AL,2			; Make it zero after
  5401                                  ;
  5402                                  MAKNUM:
  5403 0000229B FEC8                    	DEC	AL			; Adjust for digits to do
  5404 0000229D FEC8                    	DEC	AL
  5405 0000229F 5B                      	POP	BX			; Restore buffer addres
  5406 000022A0 9F                      	LAHF
  5407 000022A1 86E0                    	XCHG	AH,AL
  5408 000022A3 50                      	PUSH	AX			; Save count
  5409 000022A4 86E0                    	XCHG	AH,AL
  5410 000022A6 BA[5E23]                	MOV	DX,POWERS		; Powers of ten
  5411 000022A9 FECD                    	DEC	CH			; Count digits before point
  5412 000022AB 750C                    	JNZ	DIGTXT			; Not zero - Do number
  5413 000022AD C6072E                  	MOV	BYTE [BX],'.'	; Save point
  5414 000022B0 9F                      	LAHF
  5415 000022B1 43                      	INC	BX			; Move on
  5416 000022B2 9E                      	SAHF
  5417 000022B3 C60730                  	MOV	BYTE [BX],'0'	; Save zero
  5418 000022B6 9F                      	LAHF
  5419 000022B7 43                      	INC	BX			; Move on
  5420 000022B8 9E                      	SAHF
  5421                                  DIGTXT:
  5422 000022B9 FECD                    	DEC	CH			; Count digits before point
  5423 000022BB C6072E                  	MOV	BYTE [BX],'.'	; Save point in case
  5424 000022BE 7503                    	JNZ	DIGTXT1
  5425 000022C0 E86BFD                  	CALL	INCHL			; Last digit - move on
  5426                                  DIGTXT1:
  5427 000022C3 51                      	PUSH	CX			; Save digits before point
  5428 000022C4 53                      	PUSH	BX			; Save buffer address
  5429 000022C5 52                      	PUSH	DX			; Save powers of ten
  5430 000022C6 E855FD                  	CALL	BCDEFP			; Move FPREG to BCDE
  5431 000022C9 5B                      	POP	BX			; Powers of ten table
  5432 000022CA B52F                    	MOV	CH,'0'-1		; ASCII '0' - 1
  5433                                  TRYAGN:
  5434 000022CC FEC5                    	INC	CH			; Count subtractions
  5435 000022CE 88D0                    	MOV	AL,DL			; Get LSB
  5436 000022D0 2A07                    	SUB	AL,[BX]			; Subtract LSB
  5437 000022D2 88C2                    	MOV	DL,AL			; Save LSB
  5438 000022D4 9F                      	LAHF
  5439 000022D5 43                      	INC	BX
  5440 000022D6 9E                      	SAHF
  5441 000022D7 88F0                    	MOV	AL,DH			; Get NMSB
  5442 000022D9 1A07                    	SBB	AL,[BX]			; Subtract NMSB
  5443 000022DB 88C6                    	MOV	DH,AL			; Save NMSB
  5444 000022DD 9F                      	LAHF
  5445 000022DE 43                      	INC	BX
  5446 000022DF 9E                      	SAHF
  5447 000022E0 88C8                    	MOV	AL,CL			; Get MSB
  5448 000022E2 1A07                    	SBB	AL,[BX]			; Subtract MSB
  5449 000022E4 88C1                    	MOV	CL,AL			; Save MSB
  5450 000022E6 9F                      	LAHF
  5451 000022E7 4B                      	DEC	BX			; Point back to start
  5452                                  ;	SAHF
  5453                                  ;	LAHF
  5454 000022E8 4B                      	DEC	BX
  5455 000022E9 9E                      	SAHF
  5456 000022EA 73E0                    	JNC	TRYAGN			; No overflow - Try aga
  5457 000022EC E87FFA                  	CALL	PLUCDE			; Restore number
  5458 000022EF 9F                      	LAHF
  5459 000022F0 43                      	INC	BX
  5460 000022F1 9E                      	SAHF				; Start of next number
  5461 000022F2 E81AFD                  	CALL	FPBCDE			; Move BCDE to FPREG
  5462 000022F5 87DA                    	XCHG	BX,DX			; Save point in table
  5463 000022F7 5B                      	POP	BX			; Restore buffer address
  5464 000022F8 882F                    	MOV	[BX],CH			; Save digit in buffer
  5465 000022FA 9F                      	LAHF
  5466 000022FB 43                      	INC	BX			; And move on
  5467 000022FC 9E                      	SAHF
  5468 000022FD 59                      	POP	CX			; Restore digit count
  5469 000022FE FEC9                    	DEC	CL			; Count digits
  5470 00002300 75B7                    	JNZ	DIGTXT			; More - Do them
  5471 00002302 FECD                    	DEC	CH			; Any decimal part?
  5472 00002304 740E                    	JZ	DOEBIT			; No - Do 'E' bit
  5473                                  SUPTLZ:
  5474                                  ;	LAHF
  5475 00002306 4B                      	DEC	BX			; Move back through buffer
  5476                                  ;	SAHF
  5477 00002307 8A07                    	MOV	AL,[BX]			; Get character
  5478 00002309 3C30                    	CMP	AL,'0'			; '0' character?
  5479 0000230B 74F9                    	JZ	SUPTLZ			; Yes - Look back for more
  5480 0000230D 3C2E                    	CMP	AL,'.'			; A decimal point?
  5481 0000230F 7403                    	JZ	DOEBIT
  5482 00002311 E81AFD                  	CALL	INCHL			; Move back over digit
  5483                                  ;
  5484                                  DOEBIT:
  5485 00002314 58                      	POP	AX			; Get 'E' flag
  5486 00002315 86E0                    	XCHG	AH,AL
  5487 00002317 9E                      	SAHF
  5488 00002318 7429                    	JZ	NOENED			; No 'E' needed - End buffer
  5489 0000231A C60745                  	MOV	BYTE [BX],'E'	; Put 'E' in buffer
  5490 0000231D 9F                      	LAHF
  5491 0000231E 43                      	INC	BX			; And move on
  5492 0000231F 9E                      	SAHF
  5493 00002320 C6072B                  	MOV	BYTE [BX],'+'	; Put '+' in buffer
  5494 00002323 7907                    	JNS	OUTEXP			; Positive - Output exponent
  5495 00002325 C6072D                  	MOV	BYTE [BX],'-'	; Put '-' in buffer
  5496 00002328 F6D0                    	NOT	AL			; Negate exponent
  5497 0000232A FEC0                    	INC	AL
  5498                                  OUTEXP:
  5499 0000232C B52F                    	MOV	CH,'0'-1		; ASCII '0' - 1
  5500                                  EXPTEN:
  5501 0000232E FEC5                    	INC	CH			; Count subtractions
  5502 00002330 2C0A                    	SUB	AL,10			; Tens digit
  5503 00002332 73FA                    	JNC	EXPTEN			; More to do
  5504 00002334 043A                    	ADD	AL,'0'+10		; Restore and make ASCII
  5505 00002336 9F                      	LAHF
  5506 00002337 43                      	INC	BX
  5507 00002338 9E                      	SAHF				; Move on
  5508 00002339 882F                    	MOV	[BX],CH			; Save MSB of exponent
  5509                                  JSTZER:
  5510 0000233B 9F                      	LAHF
  5511 0000233C 43                      	INC	BX
  5512 0000233D 9E                      	SAHF
  5513 0000233E 8807                    	MOV	[BX],AL			; Save LSB of exponent
  5514 00002340 9F                      	LAHF
  5515 00002341 43                      	INC	BX
  5516 00002342 9E                      	SAHF
  5517                                  NOENED:
  5518 00002343 880F                    	MOV	[BX],CL			; Mark end of buffer
  5519 00002345 5B                      	POP	BX			; Restore code string address
  5520 00002346 C3                      	RET
  5521                                  ;
  5522                                  RNGTST:
  5523 00002347 B97494                  	MOV	CX,9474H		; BCDE = 999999.
  5524 0000234A BAF723                  	MOV	DX,23F7H
  5525 0000234D E819FD                  	CALL	CMPNUM			; Compare numbers
  5526 00002350 08C0                    	OR	AL,AL
  5527 00002352 5B                      	POP	BX			; Return address to HL
  5528 00002353 7A03                    	JPE	RNGTST1			; Too big - Divide by ten	JP PO,GTSIND
  5529 00002355 E90FFF                  	JMP	GTSIXD
  5530                                  RNGTST1:
  5531 00002358 53                      	PUSH	BX
  5532 00002359 C3                      	RET
  5533                                  ;	JMP	[BX]			; Otherwise return to caller
  5534                                  ;
  5535                                  HALF:
  5536 0000235A 00000080                	DB	00H,00H,00H,80H 	; 0.5
  5537                                  ;
  5538                                  POWERS:
  5539 0000235E A08601                  	DB	0A0H,086H,001H		; 100000
  5540 00002361 102700                  	DB	010H,027H,000H		; 10000
  5541 00002364 E80300                  	DB	0E8H,003H,000H		; 1000
  5542 00002367 640000                  	DB	064H,000H,000H		; 100
  5543 0000236A 0A0000                  	DB	00AH,000H,000H		; 10
  5544 0000236D 010000                  	DB	001H,000H,000H		; 1
  5545                                  ;
  5546                                  NEGAFT:
  5547 00002370 BB[E91F]                	MOV	BX,INVSGN		; Negate result
  5548 00002373 89E5                    	MOV	BP,SP
  5549 00002375 875E00                  	XCHG	[BP],BX			; To be done after call
  5550 00002378 53                      	PUSH	BX
  5551 00002379 C3                      	RET
  5552                                  ;	JMP	[BX]			; Return to caller
  5553                                  ;
  5554                                  SQR:
  5555 0000237A E876FC                  	CALL	STAKFP			; Put value on stack
  5556 0000237D BB[5A23]                	MOV	BX,HALF			; Set power to 1/2
  5557 00002380 E889FC                  	CALL	PHLTFP			; Move 1/2 to FPREG
  5558                                  ;
  5559                                  POWER:
  5560 00002383 59                      	POP	CX			; Get base
  5561 00002384 5A                      	POP	DX
  5562 00002385 E826FC                  	CALL	TSTSGN			; Test sign of power
  5563 00002388 88E8                    	MOV	AL,CH			; Get exponent of base
  5564 0000238A 744E                    	JZ	EXP			; Make result 1 if zero
  5565 0000238C 7907                    	JNS	POWER1			; Positive base - Ok
  5566 0000238E 08C0                    	OR	AL,AL			; Zero to negative power?
  5567 00002390 7503                    	JNZ	POWER1			; Yes - ?/0 Error
  5568 00002392 E974E2                  	JMP	DZERR
  5569                                  POWER1:
  5570 00002395 08C0                    	OR	AL,AL			; Base zero?
  5571 00002397 7503                    	JNZ	POWER5			; Yes - Return zero
  5572 00002399 E971F9                  	JMP	SAVEXP
  5573                                  POWER5:
  5574 0000239C 52                      	PUSH	DX			; Save base
  5575 0000239D 51                      	PUSH	CX
  5576 0000239E 88C8                    	MOV	AL,CL			; Get MSB of base
  5577 000023A0 0C7F                    	OR	AL,01111111B		; Get sign status
  5578 000023A2 E879FC                  	CALL	BCDEFP			; Move power to BCDE
  5579 000023A5 7915                    	JNS	POWER2			; Positive base - Ok
  5580 000023A7 52                      	PUSH	DX			; Save power
  5581 000023A8 51                      	PUSH	CX
  5582 000023A9 E853FD                  	CALL	_INT			; Get integer of power
  5583 000023AC 59                      	POP	CX			; Restore power
  5584 000023AD 5A                      	POP	DX
  5585 000023AE 9F                      	LAHF
  5586 000023AF 86E0                    	XCHG	AH,AL
  5587 000023B1 50                      	PUSH	AX			; MSB of base
  5588 000023B2 86E0                    	XCHG	AH,AL
  5589 000023B4 E8B2FC                  	CALL	CMPNUM			; Power an integer?
  5590 000023B7 5B                      	POP	BX			; Restore MSB of base
  5591 000023B8 88F8                    	MOV	AL,BH			; but don't affect flags
  5592 000023BA D0D8                    	RCR	AL,1			; Exponent odd or even?
  5593                                  POWER2:
  5594 000023BC 5B                      	POP	BX			; Restore MSB and exponent
  5595 000023BD 891E3041                	MOV	[FPREG+2],BX		; Save base in FPREG
  5596 000023C1 5B                      	POP	BX			; LSBs of base
  5597 000023C2 891E2E41                	MOV	[FPREG],BX		; Save in FPREG
  5598 000023C6 7303                    	JNC	POWER3
  5599 000023C8 E8A5FF                  	CALL	NEGAFT			; Odd power - Negate result
  5600                                  POWER3:
  5601 000023CB 7503                    	JNZ	POWER4
  5602 000023CD E819FC                  	CALL	INVSGN			; Negative base - Negate it
  5603                                  POWER4:
  5604 000023D0 52                      	PUSH	DX			; Save power
  5605 000023D1 51                      	PUSH	CX
  5606 000023D2 E81CFA                  	CALL	LOG			; Get LOG of base
  5607 000023D5 59                      	POP	CX			; Restore power
  5608 000023D6 5A                      	POP	DX
  5609 000023D7 E868FA                  	CALL	FPMULT			; Multiply LOG by power
  5610                                  ;
  5611                                  EXP:
  5612 000023DA E816FC                  	CALL	STAKFP			; Put value on stack
  5613 000023DD B93881                  	MOV	CX,08138H		; BCDE = 1/Ln(2)
  5614 000023E0 BA3BAA                  	MOV	DX,0AA3BH
  5615 000023E3 E85CFA                  	CALL	FPMULT			; Multiply value by 1/L(2)
  5616 000023E6 A03141                  	MOV	AL,[FPEXP]		; Get exponent
  5617 000023E9 3C88                    	CMP	AL,80H+8		; Is it in range?
  5618 000023EB 7203                    	JC	EXP1			; No - Test for overflow
  5619 000023ED E98CFB                  	JMP	OVTST1
  5620                                  EXP1:
  5621 000023F0 E80CFD                  	CALL	_INT			; Get INT of FPREG
  5622 000023F3 0480                    	ADD	AL,80H			; For excess 128
  5623 000023F5 0402                    	ADD	AL,2			; Exponent > 126?
  5624 000023F7 7303                    	JNC	EXP2			; Yes - Test for overflow
  5625 000023F9 E980FB                  	JMP	OVTST1
  5626                                  EXP2:
  5627 000023FC 9F                      	LAHF
  5628 000023FD 86E0                    	XCHG	AH,AL
  5629 000023FF 50                      	PUSH	AX			; Save scaling factor
  5630 00002400 86E0                    	XCHG	AH,AL
  5631 00002402 BB[E01D]                	MOV	BX,UNITY		; Point to 1.
  5632 00002405 E857F8                  	CALL	ADDPHL			; Add 1 to FPREG
  5633 00002408 E82DFA                  	CALL	MULLN2			; Multiply by LN(2)
  5634 0000240B 58                      	POP	AX			; Restore scaling factor
  5635 0000240C 86E0                    	XCHG	AH,AL
  5636 0000240E 9E                      	SAHF
  5637 0000240F 59                      	POP	CX			; Restore exponent
  5638 00002410 5A                      	POP	DX
  5639 00002411 9F                      	LAHF
  5640 00002412 86E0                    	XCHG	AH,AL
  5641 00002414 50                      	PUSH	AX			; Save scaling factor
  5642 00002415 86E0                    	XCHG	AH,AL
  5643 00002417 E851F8                  	CALL	SUBCDE			; Subtract exponent from FPREG
  5644 0000241A E8CCFB                  	CALL	INVSGN			; Negate result
  5645 0000241D BB[2C24]                	MOV	BX,EXPTAB		; Coefficient table
  5646 00002420 E83900                  	CALL	SMSER1			; Sum the series
  5647 00002423 BA0000                  	MOV	DX,0			; Zero LSBs
  5648 00002426 59                      	POP	CX			; Scaling factor
  5649 00002427 88F1                    	MOV	CL,DH			; Zero MSB
  5650 00002429 E916FA                  	JMP	FPMULT			; Scale result to correct value
  5651                                  ;
  5652                                  EXPTAB:
  5653 0000242C 08                      	DB	8                  	; Table used by EXP
  5654 0000242D 402E9474                	DB	040H,02EH,094H,074H	; -1/7! (-1/504
  5655 00002431 704F2E77                	DB	070H,04FH,02EH,077H	;  1/6! ( 1/720
  5656 00002435 6E02887A                	DB	06EH,002H,088H,07AH	; -1/5! (-1/120
  5657 00002439 E6A02A7C                	DB	0E6H,0A0H,02AH,07CH	;  1/4! ( 1/24)
  5658 0000243D 50AAAA7E                	DB	050H,0AAH,0AAH,07EH	; -1/3! (-1/6)
  5659 00002441 FFFF7F7F                	DB	0FFH,0FFH,07FH,07FH	;  1/2! ( 1/2)
  5660 00002445 00008081                	DB	000H,000H,080H,081H	; -1/1! (-1/1)
  5661 00002449 00000081                	DB	000H,000H,000H,081H	;  1/0! ( 1/1)
  5662                                  ;
  5663                                  SUMSER:
  5664 0000244D E8A3FB                  	CALL	STAKFP			; Put FPREG on stack
  5665 00002450 BA[401E]                	MOV	DX,MULT			; Multiply by "X"
  5666 00002453 52                      	PUSH	DX			; To be done after
  5667 00002454 53                      	PUSH	BX			; Save address of table
  5668 00002455 E8C6FB                  	CALL	BCDEFP			; Move FPREG to BCDE
  5669 00002458 E8E7F9                  	CALL	FPMULT			; Square the value
  5670 0000245B 5B                      	POP	BX			; Restore address of table
  5671                                  SMSER1:
  5672 0000245C E894FB                  	CALL	STAKFP			; Put value on stack
  5673 0000245F 8A07                    	MOV	AL,[BX]			; Get number of coefficients
  5674 00002461 9F                      	LAHF
  5675 00002462 43                      	INC	BX			; Point to start of table
  5676 00002463 9E                      	SAHF
  5677 00002464 E8A5FB                  	CALL	PHLTFP			; Move coefficient to FPREG
  5678 00002467 EB03                    	JMP	SUMLP1			; Skip "POP AF"
  5679                                  SUMLP:
  5680 00002469 58                      	POP	AX			; Restore count
  5681 0000246A 86E0                    	XCHG	AH,AL
  5682                                  ;	SAHF
  5683                                  SUMLP1:
  5684 0000246C 59                      	POP	CX			; Restore number
  5685 0000246D 5A                      	POP	DX
  5686 0000246E FEC8                    	DEC	AL			; Cont coefficients
  5687 00002470 7501                    	JNZ	SUMLP2
  5688 00002472 C3                      	RET				; All done
  5689                                  SUMLP2:
  5690 00002473 52                      	PUSH	DX			; Save number
  5691 00002474 51                      	PUSH	CX
  5692                                  ;	LAHF
  5693 00002475 86E0                    	XCHG	AH,AL
  5694 00002477 50                      	PUSH	AX			; Save count
  5695 00002478 86E0                    	XCHG	AH,AL
  5696 0000247A 53                      	PUSH	BX			; Save address in table
  5697 0000247B E8C4F9                  	CALL	FPMULT			; Multiply FPREG by BCD
  5698 0000247E 5B                      	POP	BX			; Restore address in table
  5699 0000247F E89FFB                  	CALL	LOADFP			; Number at HL to BCDE
  5700 00002482 53                      	PUSH	BX			; Save address in table
  5701 00002483 E8E8F7                  	CALL	FPADD			; Add coefficient to FPREG
  5702 00002486 5B                      	POP	BX			; Restore address in table
  5703 00002487 EBE0                    	JMP	SUMLP			; More coefficients
  5704                                  ;
  5705                                  RND:
  5706 00002489 E822FB                  	CALL	TSTSGN			; Test sign of FPREG
  5707 0000248C BB6840                  	MOV	BX,SEED+2		; Random number seed
  5708 0000248F 7871                    	JS	RESEED			; Negative - Re-seed
  5709 00002491 BB8440                  	MOV	BX,LSTRND		; Last random number
  5710 00002494 E875FB                  	CALL	PHLTFP			; Move last RND to FPREG
  5711 00002497 BB6840                  	MOV	BX,SEED+2		; Random number seed
  5712 0000249A 7501                    	JNZ	RND0
  5713 0000249C C3                      	RET				; Return if RND(0)
  5714                                  RND0:
  5715 0000249D 0207                    	ADD	AL,[BX]			; Add (SEED)+2)
  5716 0000249F 2407                    	AND	AL,00000111B		; 0 to 7
  5717 000024A1 B500                    	MOV	CH,0
  5718 000024A3 8807                    	MOV	[BX],AL			; Re-save seed
  5719                                  ;	LAHF
  5720 000024A5 43                      	INC	BX			; Move to coefficient table
  5721                                  ;	SAHF
  5722 000024A6 00C0                    	ADD	AL,AL			; 4 bytes
  5723 000024A8 00C0                    	ADD	AL,AL			; per entry
  5724 000024AA 88C1                    	MOV	CL,AL			; BC = Offset into table
  5725 000024AC 01CB                    	ADD	BX,CX			; Point to coefficient
  5726 000024AE E870FB                  	CALL	LOADFP			; Coefficient to BCDE
  5727 000024B1 E88EF9                  	CALL	FPMULT			; Multiply FPREG by coefficient
  5728 000024B4 A06740                  	MOV	AL,[SEED+1]		; Get [SEED+1]
  5729 000024B7 FEC0                    	INC	AL			; Add 1
  5730 000024B9 2403                    	AND	AL,00000011B		; 0 to 3
  5731 000024BB B500                    	MOV	CH,0
  5732 000024BD 3C01                    	CMP	AL,1			; Is it zero?
  5733 000024BF 10E8                    	ADC	AL,CH			; Yes - Make it 1
  5734 000024C1 A26740                  	MOV	[SEED+1],AL		; Re-save seed
  5735 000024C4 BB[0825]                	MOV	BX,RNDTAB-4		; Addition table
  5736 000024C7 00C0                    	ADD	AL,AL			; 4 bytes
  5737 000024C9 00C0                    	ADD	AL,AL			; per entry
  5738 000024CB 88C1                    	MOV	CL,AL			; BC = Offset into table
  5739 000024CD 01CB                    	ADD	BX,CX			; Point to value
  5740 000024CF E88DF7                  	CALL	ADDPHL			; Add value to FPREG
  5741                                  RND1:
  5742 000024D2 E849FB                  	CALL	BCDEFP			; Move FPREG to BCDE
  5743 000024D5 88D0                    	MOV	AL,DL			; Get LSB
  5744 000024D7 88CA                    	MOV	DL,CL			; LSB = MSB
  5745 000024D9 344F                    	XOR	AL,01001111B		; Fiddle around
  5746 000024DB 88C1                    	MOV	CL,AL			; New MSB
  5747 000024DD C60780                  	MOV	BYTE [BX],80H	; Set exponent
  5748                                  ;	LAHF
  5749 000024E0 4B                      	DEC	BX			; Point to MSB
  5750                                  ;	SAHF
  5751 000024E1 8A2F                    	MOV	CH,[BX]			; Get MSB
  5752 000024E3 C60780                  	MOV	BYTE [BX],80H	; Make value -0.5
  5753 000024E6 BB6640                  	MOV	BX,SEED			; Random number seed
  5754 000024E9 FE07                    	INC	BYTE [BX]		; Count seed
  5755 000024EB 8A07                    	MOV	AL,[BX]			; Get seed
  5756 000024ED 2CAB                    	SUB	AL,171			; Do it modulo 171
  5757 000024EF 7508                    	JNZ	RND2			; Non-zero - Ok
  5758 000024F1 8807                    	MOV	[BX],AL			; Zero seed
  5759 000024F3 FEC1                    	INC	CL			; Fillde about
  5760 000024F5 FECE                    	DEC	DH			; with the
  5761 000024F7 FEC2                    	INC	DL			; number
  5762                                  RND2:
  5763 000024F9 E8F1F7                  	CALL	BNORM			; Normalise number
  5764 000024FC BB8440                  	MOV	BX,LSTRND		; Save random number
  5765 000024FF E930FB                  	JMP	FPTHL			; Move FPREG to last and return
  5766                                  ;
  5767                                  RESEED:
  5768 00002502 8807                    	MOV	[BX],AL			; Re-seed random number
  5769                                  ;	LAHF
  5770 00002504 4B                      	DEC	BX
  5771                                  ;	SAHF
  5772 00002505 8807                    	MOV	[BX],AL
  5773                                  ;	LAHF
  5774 00002507 4B                      	DEC	BX
  5775                                  ;	SAHF
  5776 00002508 8807                    	MOV	[BX],AL
  5777 0000250A EBC6                    	JMP	RND1			; Return RND seed
  5778                                  ;
  5779                                  RNDTAB:
  5780 0000250C 68B14668                	DB	068H,0B1H,046H,068H	; Table used by RND
  5781 00002510 99E99269                	DB	099H,0E9H,092H,069H
  5782 00002514 10D17568                	DB	010H,0D1H,075H,068H
  5783                                  ;
  5784                                  COS:
  5785 00002518 BB[6E25]                	MOV	BX,HALFPI		; Point to PI/2
  5786 0000251B E841F7                  	CALL	ADDPHL			; Add it to PPREG
  5787                                  SIN:
  5788 0000251E E8D2FA                  	CALL	STAKFP			; Put angle on stack
  5789 00002521 B94983                  	MOV	CX,8349H		; BCDE = 2 PI
  5790 00002524 BADB0F                  	MOV	DX,0FDBH
  5791 00002527 E8E5FA                  	CALL	FPBCDE			; Move 2 PI to FPREG
  5792 0000252A 59                      	POP	CX			; Restore angle
  5793 0000252B 5A                      	POP	DX
  5794 0000252C E892F9                  	CALL	DVBCDE			; Divide angle by 2 PI
  5795 0000252F E8C1FA                  	CALL	STAKFP			; Put it on stack
  5796 00002532 E8CAFB                  	CALL	_INT			; Get INT of result
  5797 00002535 59                      	POP	CX			; Restore number
  5798 00002536 5A                      	POP	DX
  5799 00002537 E831F7                  	CALL	SUBCDE			; Make it 0 <= value < 1
  5800 0000253A BB[7225]                	MOV	BX,QUARTR		; Point to 0.25
  5801 0000253D E824F7                  	CALL	SUBPHL			; Subtract value from 0.25
  5802 00002540 E86BFA                  	CALL	TSTSGN			; Test sign of value
  5803 00002543 F9                      	STC				; Flag positive
  5804 00002544 7908                    	JNS	SIN1			; Positive - Ok
  5805 00002546 E813F7                  	CALL	ROUND			; Add 0.5 to value
  5806 00002549 E862FA                  	CALL	TSTSGN			; Test sign of value
  5807 0000254C 08C0                    	OR	AL,AL			; Flag negative
  5808                                  SIN1:
  5809 0000254E 9F                      	LAHF
  5810 0000254F 86E0                    	XCHG	AH,AL
  5811 00002551 50                      	PUSH	AX			; Save sign
  5812 00002552 86E0                    	XCHG	AH,AL
  5813 00002554 7803                    	JS	SIN2
  5814 00002556 E890FA                  	CALL	INVSGN			; Negate value if positive
  5815                                  SIN2:
  5816 00002559 BB[7225]                	MOV	BX,QUARTR		; Point to 0.25
  5817 0000255C E800F7                  	CALL	ADDPHL			; Add 0.25 to value
  5818 0000255F 58                      	POP	AX			; Restore sign
  5819 00002560 86E0                    	XCHG	AH,AL
  5820 00002562 9E                      	SAHF
  5821 00002563 7203                    	JC	SIN3
  5822 00002565 E881FA                  	CALL	INVSGN			; Negative - Make positive
  5823                                  SIN3:
  5824 00002568 BB[7625]                	MOV	BX,SINTAB		; Coefficient table
  5825 0000256B E9DFFE                  	JMP	SUMSER			; Evaluate sum of series
  5826                                  ;
  5827                                  HALFPI:
  5828 0000256E DB0F4981                	DB	0DBH,00FH,049H,081H	; 1.5708 (PI/2)
  5829                                  ;
  5830                                  QUARTR:
  5831 00002572 0000007F                	DB	000H,000H,000H,07FH	; 0.25
  5832                                  ;
  5833                                  SINTAB:
  5834 00002576 05                      	DB	5			; Table used by SIN
  5835 00002577 BAD71E86                	DB	0BAH,0D7H,01EH,086H	; 39.711
  5836 0000257B 64269987                	DB	064H,026H,099H,087H	;-76.575
  5837 0000257F 58342387                	DB	058H,034H,023H,087H	; 81.602
  5838 00002583 E05DA586                	DB	0E0H,05DH,0A5H,086H	;-41.342
  5839 00002587 DA0F4983                	DB	0DAH,00FH,049H,083H	; 6.2832
  5840                                  ;
  5841                                  TAN:
  5842 0000258B E865FA                  	CALL	STAKFP			; Put angle on stack
  5843 0000258E E88DFF                  	CALL	SIN			; Get SIN of angle
  5844 00002591 59                      	POP	CX			; Restore angle
  5845 00002592 5B                      	POP	BX
  5846 00002593 E85DFA                  	CALL	STAKFP			; Save SIN of angle
  5847 00002596 87DA                    	XCHG	BX,DX			; BCDE = Angle
  5848 00002598 E874FA                  	CALL	FPBCDE			; Angle to FPREG
  5849 0000259B E87AFF                  	CALL	COS			; Get COS of angle
  5850 0000259E E91EF9                  	JMP	DIV			; TAN = SIN / COS
  5851                                  ;
  5852                                  ATN:
  5853 000025A1 E80AFA                  	CALL	TSTSGN			; Test sign of value
  5854 000025A4 7903                    	JNS	ATN1
  5855 000025A6 E8C7FD                  	CALL	NEGAFT			; Negate result after if -ve
  5856                                  ATN1:
  5857 000025A9 7903                    	JNS	ATN2
  5858 000025AB E83BFA                  	CALL	INVSGN			; Negate value if -ve
  5859                                  ATN2:
  5860 000025AE A03141                  	MOV	AL,[FPEXP]		; Get exponent
  5861 000025B1 3C81                    	CMP	AL,81H			; Number less than 1?
  5862 000025B3 720E                    	JC	ATN3			; Yes - Get arc tangnt
  5863 000025B5 B90081                  	MOV	CX,8100H		; BCDE = 1
  5864 000025B8 88CE                    	MOV	DH,CL
  5865 000025BA 88CA                    	MOV	DL,CL
  5866 000025BC E802F9                  	CALL	DVBCDE			; Get reciprocal of number
  5867 000025BF BB[641C]                	MOV	BX,SUBPHL		; Sub angle from PI/2
  5868 000025C2 53                      	PUSH	BX			; Save for angle > 1
  5869                                  ATN3:
  5870 000025C3 BB[CD25]                	MOV	BX,ATNTAB		; Coefficient table
  5871 000025C6 E884FE                  	CALL	SUMSER			; Evaluate sum of series
  5872 000025C9 BB[6E25]                	MOV	BX,HALFPI		; PI/2 - angle in case > 1
  5873 000025CC C3                      	RET				; Number > 1 - Sub from PI/2
  5874                                  ;
  5875                                  ATNTAB:
  5876 000025CD 09                      	DB	9			; Table used by ATN
  5877 000025CE 4AD73B78                	DB	04AH,0D7H,03BH,078H	; 1/17
  5878 000025D2 026E847B                	DB	002H,06EH,084H,07BH	;-1/15
  5879 000025D6 FEC12F7C                	DB	0FEH,0C1H,02FH,07CH	; 1/13
  5880 000025DA 74319A7D                	DB	074H,031H,09AH,07DH	;-1/11
  5881 000025DE 843D5A7D                	DB	084H,03DH,05AH,07DH	; 1/9
  5882 000025E2 C87F917E                	DB	0C8H,07FH,091H,07EH	;-1/7
  5883 000025E6 E4BB4C7E                	DB	0E4H,0BBH,04CH,07EH	; 1/5
  5884 000025EA 6CAAAA7F                	DB	06CH,0AAH,0AAH,07FH	;-1/3
  5885 000025EE 00000081                	DB	000H,000H,000H,081H	; 1/1
  5886                                  ;
  5887                                  
  5888                                  ARET:
  5889 000025F2 C3                      	RET				; A RETurn instruction
  5890                                  ;
  5891                                  CLS:
  5892 000025F3 B00C                    	MOV	AL,CLRSCRN		; ASCII Clear screen
  5893 000025F5 E913DA                  	JMP	putch			; Output character
  5894                                  ;
  5895                                  WIDTH:
  5896 000025F8 E829F6                  	CALL	GETINT			; Get integer 0-255
  5897 000025FB 88D0                    	MOV	AL,DL			; Width to A
  5898 000025FD A28C40                  	MOV	[LWIDTH],AL		; Set width
  5899 00002600 C3                      	RET
  5900                                  ;
  5901                                  LINES:
  5902 00002601 E89CEB                  	CALL	GETNUM			; Get a number
  5903 00002604 E8BEE6                  	CALL	DEINT			; Get integer -32768 to 32767
  5904 00002607 89169040                	MOV	[LINESC],DX		; Set lines counter
  5905 0000260B 89169240                	MOV	[LINESN],DX		; Set lines number
  5906 0000260F C3                      	RET
  5907                                  ;
  5908                                  DEEK:
  5909 00002610 E8B2E6                  	CALL	DEINT			; Get integer -32768 to 32767
  5910 00002613 52                      	PUSH	DX			; Save number
  5911 00002614 5B                      	POP	BX			; Number to HL
  5912 00002615 8A2F                    	MOV	CH,[BX]			; Get LSB of contents
  5913                                  ;	LAHF
  5914 00002617 43                      	INC	BX
  5915                                  ;	SAHF
  5916 00002618 8A07                    	MOV	AL,[BX]			; Get MSB of contents
  5917 0000261A E9F9F0                  	JMP	ABPASS			; Return integer AB
  5918                                  ;
  5919                                  DOKE:
  5920 0000261D E880EB                  	CALL	GETNUM			; Get a number
  5921 00002620 E8A2E6                  	CALL	DEINT			; Get integer -32768 to 32767
  5922 00002623 52                      	PUSH	DX			; Save address
  5923 00002624 E890E3                  	CALL	CHKSYN			; Make sure ',' follows
  5924 00002627 2C                      	DB	','
  5925 00002628 E875EB                  	CALL	GETNUM			; Get a number
  5926 0000262B E897E6                  	CALL	DEINT			; Get integer -32768 to 32767
  5927 0000262E 89E5                    	MOV	BP,SP
  5928 00002630 875E00                  	XCHG	[BP],BX			; Save value,get address
  5929 00002633 8817                    	MOV	[BX],DL			; Save LSB of value
  5930                                  ;	LAHF
  5931 00002635 43                      	INC	BX
  5932                                  ;	SAHF
  5933 00002636 8837                    	MOV	[BX],DH			; Save MSB of value
  5934 00002638 5B                      	POP	BX			; Restore code string address
  5935 00002639 C3                      	RET
  5936                                  ;
  5937                                  ; HEX$(nn) Convert 16 bit number to Hexadecimal string
  5938                                  ;
  5939                                  HEX:
  5940 0000263A E866EB                  	CALL	TSTNUM			; Verify it's a number
  5941 0000263D E885E6                  	CALL	DEINT			; Get integer -32768 to 32767
  5942 00002640 51                      	PUSH	CX			; Save contents of BC
  5943 00002641 BB3341                  	MOV	BX,PBUFF
  5944 00002644 88F0                    	MOV	AL,DH			; Get high order into A
  5945 00002646 3C00                    	CMP	AL,0
  5946 00002648 740F                    	JZ	HEX2			; Skip output if both high digits are zero
  5947 0000264A E83300                  	CALL	BYT2ASC			; Convert D to ASCII
  5948 0000264D 88E8                    	MOV	AL,CH
  5949 0000264F 3C30                    	CMP	AL,'0'
  5950 00002651 7403                    	JZ	HEX1			; Don't store high digit if zero
  5951 00002653 882F                    	MOV	[BX],CH			; Store it to PBUFF
  5952                                  ;	LAHF
  5953 00002655 43                      	INC	BX			; Next location
  5954                                  ;	SAHF
  5955                                  HEX1:
  5956 00002656 880F                    	MOV	[BX],CL			; Store C to PBUFF+1
  5957                                  ;	LAHF
  5958 00002658 43                      	INC	BX			; Next location
  5959                                  ;	SAHF
  5960                                  HEX2:
  5961 00002659 88D0                    	MOV	AL,DL			; Get lower byte
  5962 0000265B E82200                  	CALL	BYT2ASC			; Convert E to ASCII
  5963 0000265E 88F0                    	MOV	AL,DH
  5964 00002660 3C00                    	CMP	AL,0
  5965 00002662 7506                    	JNZ	HEX3			; If upper byte was not zero then always print lower byte
  5966 00002664 88E8                    	MOV	AL,CH
  5967 00002666 3C30                    	CMP	AL,'0'			; If high digit of lower byte is zero then don't print
  5968 00002668 7405                    	JZ	HEX4
  5969                                  HEX3:
  5970 0000266A 882F                    	MOV	[BX],CH			; to PBUFF+2
  5971 0000266C 9F                      	LAHF
  5972 0000266D 43                      	INC	BX			; Next location
  5973 0000266E 9E                      	SAHF
  5974                                  HEX4:
  5975 0000266F 880F                    	MOV	[BX],CL			; to PBUFF+3
  5976                                  ;	LAHF
  5977 00002671 43                      	INC	BX			; PBUFF+4 to zero
  5978                                  ;	SAHF
  5979 00002672 30C0                    	XOR	AL,AL			; Terminating character
  5980 00002674 8807                    	MOV	[BX],AL			; Store zero to terminate
  5981                                  ;	LAHF
  5982 00002676 43                      	INC	BX			; Make sure PBUFF is terminated
  5983                                  ;	SAHF
  5984 00002677 8807                    	MOV	[BX],AL			; Store the double zero there
  5985 00002679 59                      	POP	CX			; Get BC back
  5986 0000267A BB3341                  	MOV	BX,PBUFF		; Reset to start of PBUFF
  5987 0000267D E97FF1                  	JMP	STR1			; Convert the PBUFF to a string and return it
  5988                                  ;
  5989                                  BYT2ASC:
  5990 00002680 88C5                    	MOV	CH,AL			; Save original value
  5991 00002682 240F                    	AND	AL,0FH			; Strip off upper nybbl
  5992 00002684 3C0A                    	CMP	AL,0AH			; 0-9?
  5993 00002686 7202                    	JC	ADD30			; If A-F, add 7 more
  5994 00002688 0407                    	ADD	AL,07H			; Bring value up to ASCII A-F
  5995                                  ADD30:
  5996 0000268A 0430                    	ADD	AL,'0'			; And make ASCII
  5997 0000268C 88C1                    	MOV	CL,AL			; Save converted char to C
  5998 0000268E 88E8                    	MOV	AL,CH			; Retrieve original value
  5999 00002690 D0C8                    	ROR	AL,1			; and Rotate it right
  6000 00002692 D0C8                    	ROR	AL,1
  6001 00002694 D0C8                    	ROR	AL,1
  6002 00002696 D0C8                    	ROR	AL,1
  6003 00002698 240F                    	AND	AL,0FH			; Mask off upper nybble
  6004 0000269A 3C0A                    	CMP	AL,0AH			; 0-9? < A hex?
  6005 0000269C 7202                    	JC	ADD301			; Skip Add 7
  6006 0000269E 0407                    	ADD	AL,07H			; Bring it up to ASCII A-F
  6007                                  ADD301:
  6008 000026A0 0430                    	ADD	AL,'0'			; And make it full ASCII
  6009 000026A2 88C5                    	MOV	CH,AL			; Store high order byte
  6010 000026A4 C3                      	RET
  6011                                  ;
  6012                                  ; Convert "&Hnnnn" to FPREG
  6013                                  ; Gets a character from (HL) checks for Hexadecimal ASCII numbers "&Hnnnn"
  6014                                  ; Char is in A, NC if char is;<=>?@ A-z, CY is set if 0-9
  6015                                  HEXTFP:
  6016 000026A5 87DA                    	XCHG	BX,DX			; Move code string pointer to DE
  6017 000026A7 BB0000                  	MOV	BX,0000H		; Zero out the value
  6018 000026AA E81700                  	CALL	GETHEX			; Check the number for valid hex
  6019 000026AD 7240                    	JC	HXERR			; First value wasn't hex, HX error
  6020 000026AF EB05                    	JMP	HEXLP1			; Convert first character
  6021                                  HEXLP:
  6022 000026B1 E81000                  	CALL	GETHEX			; Get second and addtional characters
  6023 000026B4 722D                    	JC	HEXIT			; Exit if not a hex character
  6024                                  HEXLP1:
  6025 000026B6 01DB                    	ADD	BX,BX			; Rotate 4 bits to the left
  6026 000026B8 01DB                    	ADD	BX,BX
  6027 000026BA 01DB                    	ADD	BX,BX
  6028 000026BC 01DB                    	ADD	BX,BX
  6029 000026BE 08D8                    	OR	AL,BL			; Add in D0-D3 into L
  6030 000026C0 88C3                    	MOV	BL,AL			; Save new value
  6031 000026C2 EBED                    	JMP	HEXLP			; And continue until all hex characters are in
  6032                                  ;
  6033                                  GETHEX:
  6034                                  ;	LAHF
  6035 000026C4 42                      	INC	DX			; Next location
  6036                                  ;	SAHF
  6037 000026C5 87DA                    	XCHG	BX,DX
  6038 000026C7 8A07                    	MOV	AL,[BX]
  6039 000026C9 87DA                    	XCHG	BX,DX			; Load character at pointer
  6040 000026CB 3C20                    	CMP	AL,' '
  6041 000026CD 74F5                    	JZ	GETHEX			; Skip spaces
  6042 000026CF 2C30                    	SUB	AL,'0'			; Get absolute value
  6043 000026D1 7301                    	JNC	GETHEX1
  6044 000026D3 C3                      	RET				; < "0", error
  6045                                  GETHEX1:
  6046 000026D4 3C0A                    	CMP	AL,0AH
  6047 000026D6 7207                    	JC	NOSUB7			; Is already in the range 0-9
  6048 000026D8 2C07                    	SUB	AL,07H			; Reduce to A-F
  6049 000026DA 3C0A                    	CMP	AL,0AH			; Value should be $0A-$0F at this point
  6050 000026DC 7301                    	JNC	NOSUB7
  6051 000026DE C3                      	RET				; CY set if was :		; < = > ? @
  6052                                  ;
  6053                                  NOSUB7:
  6054 000026DF 3C10                    	CMP	AL,10H			; > Greater than "F"?
  6055 000026E1 F5                      	CMC
  6056 000026E2 C3                      	RET				; CY set if it wasn't valid hex
  6057                                  ;
  6058                                  HEXIT:
  6059 000026E3 87DA                    	XCHG	BX,DX			; Value into DE, Code string into HL
  6060 000026E5 88F0                    	MOV	AL,DH			; Load DE into AC
  6061 000026E7 88D1                    	MOV	CL,DL			; For prep to
  6062 000026E9 53                      	PUSH	BX
  6063 000026EA E827F0                  	CALL	ACPASS			; ACPASS to set AC as integer into FPREG
  6064 000026ED 5B                      	POP	BX
  6065 000026EE C3                      	RET
  6066                                  ;
  6067                                  HXERR:
  6068 000026EF B226                    	MOV	DL,HX			; ?HEX Error
  6069 000026F1 E92BDF                  	JMP	ERROR
  6070                                  ;
  6071                                  ; BIN$(NN) Convert integer to a 1-16 char binary string
  6072                                  BIN:
  6073 000026F4 E8ACEA                  	CALL	TSTNUM			; Verify it's a number
  6074 000026F7 E8CBE5                  	CALL	DEINT			; Get integer -32768 to 32767
  6075                                  BIN2:
  6076 000026FA 51                      	PUSH	CX			; Save contents of BC
  6077 000026FB BB3341                  	MOV	BX,PBUFF
  6078 000026FE B511                    	MOV	CH,17			; One higher than max char count
  6079                                  ZEROSUP:				; Suppress leading zero
  6080 00002700 FECD                    	DEC	CH			; Max 16 chars
  6081 00002702 88E8                    	MOV	AL,CH
  6082 00002704 3C01                    	CMP	AL,01H
  6083 00002706 7406                    	JZ	BITOUT			; Always output at least one character
  6084                                  ;	RCL	DL,1
  6085                                  ;	RCL	DH,1
  6086 00002708 D1D2                    	RCL	DX,1
  6087 0000270A 73F4                    	JNC	ZEROSUP
  6088 0000270C EB02                    	JMP	BITOUT2
  6089                                  BITOUT:
  6090                                  ;	RCL	DL,1
  6091                                  ;	RCL	DH,1
  6092 0000270E D1D2                    	RCL	DX,1
  6093                                  BITOUT2:
  6094 00002710 B030                    	MOV	AL,'0'			; Char for '0'
  6095 00002712 1400                    	ADC	AL,0			; If carry set then '0' --> '1'
  6096 00002714 8807                    	MOV	[BX],AL
  6097                                  ;	LAHF
  6098 00002716 43                      	INC	BX
  6099                                  ;	SAHF
  6100 00002717 FECD                    	DEC	CH
  6101 00002719 75F3                    	JNZ	BITOUT
  6102 0000271B 30C0                    	XOR	AL,AL			; Terminating character
  6103 0000271D 8807                    	MOV	[BX],AL			; Store zero to terminate
  6104                                  ;	LAHF
  6105 0000271F 43                      	INC	BX			; Make sure PBUFF is terminated
  6106                                  ;	SAHF
  6107 00002720 8807                    	MOV	[BX],AL			; Store the double zero
  6108 00002722 59                      	POP	CX
  6109 00002723 BB3341                  	MOV	BX,PBUFF
  6110 00002726 E9D6F0                  	JMP	STR1
  6111                                  ;
  6112                                  ; Convert "&Bnnnn" to FPREG
  6113                                  ; Gets a character from (HL) checks for Binary ASCII numbers "&Bnnnn"
  6114                                  BINTFP:
  6115 00002729 87DA                    	XCHG	BX,DX			; Move code string pointer
  6116 0000272B BB0000                  	MOV	BX,0000H		; Zero out the value
  6117 0000272E E81B00                  	CALL	CHKBIN			; Check the number for valid bin
  6118 00002731 722D                    	JC	BINERR			; First value wasn't bin, HX error
  6119                                  BINIT:
  6120 00002733 2C30                    	SUB	AL,'0'
  6121 00002735 01DB                    	ADD	BX,BX			; Rotate HL left
  6122 00002737 08D8                    	OR	AL,BL
  6123 00002739 88C3                    	MOV	BL,AL
  6124 0000273B E80E00                  	CALL	CHKBIN			; Get second and addtional characters
  6125 0000273E 73F3                    	JNC	BINIT			; Process if a bin character
  6126 00002740 87DA                    	XCHG	BX,DX			; Value into DE, Code string into HL
  6127 00002742 88F0                    	MOV	AL,DH			; Load DE into AC
  6128 00002744 88D1                    	MOV	CL,DL			; For prep to
  6129 00002746 53                      	PUSH	BX
  6130 00002747 E8CAEF                  	CALL	ACPASS			; ACPASS to set AC as integer into FPREG
  6131 0000274A 5B                      	POP	BX
  6132 0000274B C3                      	RET
  6133                                  ;
  6134                                  ; Char is in A, NC if char is 0 or 1
  6135                                  CHKBIN:
  6136                                  ;	LAHF
  6137 0000274C 42                      	INC	DX
  6138                                  ;	SAHF
  6139 0000274D 87DA                    	XCHG	BX,DX
  6140 0000274F 8A07                    	MOV	AL,[BX]
  6141 00002751 87DA                    	XCHG	BX,DX
  6142 00002753 3C20                    	CMP	AL,' '
  6143 00002755 74F5                    	JZ	CHKBIN			; Skip spaces
  6144 00002757 3C30                    	CMP	AL,'0'			; Set C if < '0'
  6145 00002759 7301                    	JNC	CHKBIN1
  6146 0000275B C3                      	RET
  6147                                  CHKBIN1:
  6148 0000275C 3C32                    	CMP	AL,'2'
  6149 0000275E F5                      	CMC				; Set C if > '1'
  6150 0000275F C3                      	RET
  6151                                  ;
  6152                                  BINERR:
  6153 00002760 B228                    	MOV	DL,BN			; ?BIN Error
  6154 00002762 E9BADE                  	JMP	ERROR
  6155                                  ;
  6156                                  JJUMP1:
  6157 00002765 E9AADA                  	JMP	CSTART			; Go and initialise
  6158                                  ;
  6159                                  MONITR:
  6160 00002768 FA                      	CLI				; Clear Interrupt flag
  6161 00002769 E9(00C0)                	JMP	0C000H			; Restart (Normally Monitor)
  6162                                  ;
  6163                                  INITST:
  6164 0000276C B000                    	MOV	AL,0			; Clear break flag
  6165 0000276E A29740                  	MOV	[BRKFLG],AL
  6166 00002771 E9A1DA                  	JMP	INIT
  6167                                  ;
  6168                                  TSTBIT:
  6169                                  ;	LAHF
  6170 00002774 86E0                    	XCHG	AH,AL
  6171 00002776 50                      	PUSH	AX			; Save bit mask
  6172 00002777 86E0                    	XCHG	AH,AL
  6173 00002779 20E8                    	AND	AL,CH			; Get common bits
  6174 0000277B 59                      	POP	CX			; Restore bit mask
  6175 0000277C 38E8                    	CMP	AL,CH           	; Same bit set?
  6176 0000277E B000                    	MOV	AL,0			; Return 0 in A
  6177 00002780 C3                      	RET
  6178                                  ;
  6179                                  OUTNCR:
  6180 00002781 E84CE2                  	CALL	OUTC			; Output character in A
  6181 00002784 E9CFE7                  	JMP	PRCRLF			; Output CRLF
  6182                                  ;
  6183                                  
  6184                                  ;	Reset
  6185                                  ;	ORG	0FFF0h
  6186                                  ;	JMPF	0000:start
  6187                                  ;
  6188                                  ;	END
